machine,benchmark,agents,steps,repetitions,time_per_step_ms,checksum
GTX_1080_8GB,NaiveParallelReduce,32,100,10,0.013076353,78.97053301
GTX_1080_8GB,NaiveFor,32,100,10,0.019290485,78.97053301
GTX_1080_8GB,NaiveSpread,32,100,10,0.059543829,78.97053301
GTX_1080_8GB,NaiveForDouble,32,100,10,0.062374637,78.97053301
GTX_1080_8GB,NaiveParallelReduceDouble,32,100,10,0.063200095,78.97053301
GTX_1080_8GB,NaiveForSymmetric,32,100,10,0.083841771,78.97053301
GTX_1080_8GB,NaiveParallelReduceSymmetric,32,100,10,0.065470275,78.97053301
GTX_1080_8GB,BinnedGabrielReduceFor,32,100,10,0.314004374,78.97053301
GTX_1080_8GB,BinnedGabrielReduceForDouble,32,100,10,0.395707285,78.97053301
GTX_1080_8GB,BinnedGabrielReduceForSymmetric,32,100,10,0.374402752,78.97053301
GTX_1080_8GB,BinnedGabrielReduceParallel,32,100,10,0.307577088,78.97053301
GTX_1080_8GB,BinnedGabrielReduceParallelDouble,32,100,10,0.368907338,78.97053301
GTX_1080_8GB,BinnedGabrielReduceParallelSymmetric,32,100,10,0.366718601,78.97053301
GTX_1080_8GB,NaiveParallelReduce,64,100,10,0.020766944,98.44335091
GTX_1080_8GB,NaiveFor,64,100,10,0.048435072,98.44335091
GTX_1080_8GB,NaiveSpread,64,100,10,0.068822559,98.44335091
GTX_1080_8GB,NaiveForDouble,64,100,10,0.071943764,98.44335091
GTX_1080_8GB,NaiveParallelReduceDouble,64,100,10,0.073040487,98.44335091
GTX_1080_8GB,NaiveForSymmetric,64,100,10,0.113779567,98.44335091
GTX_1080_8GB,NaiveParallelReduceSymmetric,64,100,10,0.071113682,98.44335091
GTX_1080_8GB,BinnedGabrielReduceFor,64,100,10,0.313892467,98.44335091
GTX_1080_8GB,BinnedGabrielReduceForDouble,64,100,10,0.367592565,98.44335091
GTX_1080_8GB,BinnedGabrielReduceForSymmetric,64,100,10,0.3731131,98.44335091
GTX_1080_8GB,BinnedGabrielReduceParallel,64,100,10,0.312080255,98.44335091
GTX_1080_8GB,BinnedGabrielReduceParallelDouble,64,100,10,0.378008741,98.44335091
GTX_1080_8GB,BinnedGabrielReduceParallelSymmetric,64,100,10,0.390288578,98.44335091
GTX_1080_8GB,NaiveParallelReduce,128,100,10,0.036631981,-40.24199522
GTX_1080_8GB,NaiveFor,128,100,10,0.157547029,-40.24199522
GTX_1080_8GB,NaiveSpread,128,100,10,0.080295511,-40.24199522
GTX_1080_8GB,NaiveForDouble,128,100,10,0.08618235,-40.24199522
GTX_1080_8GB,NaiveParallelReduceDouble,128,100,10,0.099343943,-40.24199522
GTX_1080_8GB,NaiveForSymmetric,128,100,10,0.164387155,-40.24199522
GTX_1080_8GB,NaiveParallelReduceSymmetric,128,100,10,0.08281108,-40.24199522
GTX_1080_8GB,BinnedGabrielReduceFor,128,100,10,0.339284541,-40.24199522
GTX_1080_8GB,BinnedGabrielReduceForDouble,128,100,10,0.367331149,-40.24199522
GTX_1080_8GB,BinnedGabrielReduceForSymmetric,128,100,10,0.366563645,-40.24199522
GTX_1080_8GB,BinnedGabrielReduceParallel,128,100,10,0.303563927,-40.24199522
GTX_1080_8GB,BinnedGabrielReduceParallelDouble,128,100,10,0.363198413,-40.24199522
GTX_1080_8GB,BinnedGabrielReduceParallelSymmetric,128,100,10,0.367376609,-40.24199522
GTX_1080_8GB,NaiveParallelReduce,256,100,10,0.105149319,58.78700918
GTX_1080_8GB,NaiveFor,256,100,10,0.351354194,58.78700918
GTX_1080_8GB,NaiveSpread,256,100,10,0.105914846,58.78700918
GTX_1080_8GB,NaiveForDouble,256,100,10,0.110199343,58.78700918
GTX_1080_8GB,NaiveParallelReduceDouble,256,100,10,0.111082649,58.78700918
GTX_1080_8GB,NaiveForSymmetric,256,100,10,0.257425403,58.78700918
GTX_1080_8GB,NaiveParallelReduceSymmetric,256,100,10,0.110107037,58.78700918
GTX_1080_8GB,BinnedGabrielReduceFor,256,100,10,0.380358411,58.78700918
GTX_1080_8GB,BinnedGabrielReduceForDouble,256,100,10,0.367883305,58.78700918
GTX_1080_8GB,BinnedGabrielReduceForSymmetric,256,100,10,0.37183211,58.78700918
GTX_1080_8GB,BinnedGabrielReduceParallel,256,100,10,0.302906773,58.78700918
GTX_1080_8GB,BinnedGabrielReduceParallelDouble,256,100,10,0.366980022,58.78700918
GTX_1080_8GB,BinnedGabrielReduceParallelSymmetric,256,100,10,0.370282251,58.78700918
GTX_1080_8GB,NaiveParallelReduce,512,100,10,0.20670964,142.8885315
GTX_1080_8GB,NaiveFor,512,100,10,0.686059531,142.8885315
GTX_1080_8GB,NaiveSpread,512,100,10,0.164050363,142.8885315
GTX_1080_8GB,NaiveForDouble,512,100,10,0.168775023,142.8885315
GTX_1080_8GB,NaiveParallelReduceDouble,512,100,10,0.170777007,142.8885315
GTX_1080_8GB,NaiveForSymmetric,512,100,10,0.770783141,142.8885315
GTX_1080_8GB,NaiveParallelReduceSymmetric,512,100,10,0.167718583,142.8885315
GTX_1080_8GB,BinnedGabrielReduceFor,512,100,10,0.309245048,142.8885315
GTX_1080_8GB,BinnedGabrielReduceForDouble,512,100,10,0.37420228,142.8885315
GTX_1080_8GB,BinnedGabrielReduceForSymmetric,512,100,10,0.381963318,142.8885315
GTX_1080_8GB,BinnedGabrielReduceParallel,512,100,10,0.30814869,142.8885315
GTX_1080_8GB,BinnedGabrielReduceParallelDouble,512,100,10,0.378468911,142.8885315
GTX_1080_8GB,BinnedGabrielReduceParallelSymmetric,512,100,10,0.376533077,142.8885315
GTX_1080_8GB,NaiveParallelReduce,1024,100,10,0.416759623,219.1375277
GTX_1080_8GB,NaiveFor,1024,100,10,1.946491665,219.1375277
GTX_1080_8GB,NaiveSpread,1024,100,10,0.335023853,219.1375277
GTX_1080_8GB,NaiveForDouble,1024,100,10,0.291963271,219.1375277
GTX_1080_8GB,NaiveParallelReduceDouble,1024,100,10,0.302400608,219.1375277
GTX_1080_8GB,NaiveForSymmetric,1024,100,10,3.63576969,219.1375277
GTX_1080_8GB,NaiveParallelReduceSymmetric,1024,100,10,0.290047749,219.1375277
GTX_1080_8GB,BinnedGabrielReduceFor,1024,100,10,0.316676792,219.1375277
GTX_1080_8GB,BinnedGabrielReduceForDouble,1024,100,10,0.387546357,219.1375277
GTX_1080_8GB,BinnedGabrielReduceForSymmetric,1024,100,10,0.380917773,219.1375277
GTX_1080_8GB,BinnedGabrielReduceParallel,1024,100,10,0.314278667,219.1375277
GTX_1080_8GB,BinnedGabrielReduceParallelDouble,1024,100,10,0.39134487,219.1375277
GTX_1080_8GB,BinnedGabrielReduceParallelSymmetric,1024,100,10,0.384734787,219.1375277
GTX_1080_8GB,NaiveParallelReduce,2048,100,10,2.003362978,495.5242466
GTX_1080_8GB,NaiveFor,2048,100,10,7.585230826,495.5242466
GTX_1080_8GB,NaiveSpread,2048,100,10,1.15324262,495.5242466
GTX_1080_8GB,NaiveForDouble,2048,100,10,1.778072314,495.5242466
GTX_1080_8GB,NaiveParallelReduceDouble,2048,100,10,1.778754261,495.5242466
GTX_1080_8GB,NaiveForSymmetric,2048,100,10,12.56238637,495.5242466
GTX_1080_8GB,NaiveParallelReduceSymmetric,2048,100,10,1.120053731,495.5242466
GTX_1080_8GB,BinnedGabrielReduceFor,2048,100,10,0.33951839,495.5242466
GTX_1080_8GB,BinnedGabrielReduceForDouble,2048,100,10,0.431599243,495.5242466
GTX_1080_8GB,BinnedGabrielReduceForSymmetric,2048,100,10,0.403780888,495.5242466
GTX_1080_8GB,BinnedGabrielReduceParallel,2048,100,10,0.363747269,495.5242466
GTX_1080_8GB,BinnedGabrielReduceParallelDouble,2048,100,10,0.427184871,495.5242466
GTX_1080_8GB,BinnedGabrielReduceParallelSymmetric,2048,100,10,0.384850069,495.5242466
GTX_1080_8GB,NaiveParallelReduce,4096,100,10,11.06684149,638.3178039
GTX_1080_8GB,NaiveFor,4096,100,10,36.10291133,638.3178039
GTX_1080_8GB,NaiveSpread,4096,100,10,6.080145533,638.3178039
GTX_1080_8GB,NaiveForDouble,4096,100,10,8.714477823,638.3178039
GTX_1080_8GB,NaiveParallelReduceDouble,4096,100,10,8.714507071,638.3178039
GTX_1080_8GB,NaiveForSymmetric,4096,100,10,48.64716815,638.3178039
GTX_1080_8GB,NaiveParallelReduceSymmetric,4096,100,10,5.384350019,638.3178039
GTX_1080_8GB,BinnedGabrielReduceFor,4096,100,10,0.454520747,638.3178039
GTX_1080_8GB,BinnedGabrielReduceForDouble,4096,100,10,0.524917787,638.3178039
GTX_1080_8GB,BinnedGabrielReduceForSymmetric,4096,100,10,0.407033491,638.3178039
GTX_1080_8GB,BinnedGabrielReduceParallel,4096,100,10,0.415817039,638.3178039
GTX_1080_8GB,BinnedGabrielReduceParallelDouble,4096,100,10,0.527227248,638.3178039
GTX_1080_8GB,BinnedGabrielReduceParallelSymmetric,4096,100,10,0.415403709,638.3178039
GTX_1080_8GB,NaiveParallelReduce,8192,100,10,67.00382258,756.9180825
GTX_1080_8GB,NaiveSpread,8192,100,10,41.84687646,756.9180825
GTX_1080_8GB,NaiveForDouble,8192,100,10,52.34609986,756.9180825
GTX_1080_8GB,NaiveParallelReduceDouble,8192,100,10,52.34297796,756.9180825
GTX_1080_8GB,NaiveParallelReduceSymmetric,8192,100,10,31.62038436,756.9180825
GTX_1080_8GB,BinnedGabrielReduceFor,8192,100,10,0.493830586,756.9180825
GTX_1080_8GB,BinnedGabrielReduceForDouble,8192,100,10,0.665377925,756.9180825
GTX_1080_8GB,BinnedGabrielReduceForSymmetric,8192,100,10,0.338970642,756.9180825
GTX_1080_8GB,BinnedGabrielReduceParallel,8192,100,10,0.486272344,756.9180825
GTX_1080_8GB,BinnedGabrielReduceParallelDouble,8192,100,10,0.667015382,756.9180825
GTX_1080_8GB,BinnedGabrielReduceParallelSymmetric,8192,100,10,0.335352502,756.9180825
GTX_1080_8GB,BinnedGabrielReduceFor,16384,100,10,1.306008843,-1112.59984
GTX_1080_8GB,BinnedGabrielReduceForDouble,16384,100,10,1.767331833,-1112.59984
GTX_1080_8GB,BinnedGabrielReduceForSymmetric,16384,100,10,0.643943765,-1112.59984
GTX_1080_8GB,BinnedGabrielReduceParallel,16384,100,10,1.304894415,-1112.59984
GTX_1080_8GB,BinnedGabrielReduceParallelDouble,16384,100,10,1.757553551,-1112.59984
GTX_1080_8GB,BinnedGabrielReduceParallelSymmetric,16384,100,10,0.630677545,-1112.59984
GTX_1080_8GB,BinnedGabrielReduceFor,32768,100,10,4.719337923,-333.8601104
GTX_1080_8GB,BinnedGabrielReduceForDouble,32768,100,10,6.795881168,-333.8601104
GTX_1080_8GB,BinnedGabrielReduceForSymmetric,32768,100,10,1.848220184,-333.8601104
GTX_1080_8GB,BinnedGabrielReduceParallel,32768,100,10,4.719386712,-333.8601104
GTX_1080_8GB,BinnedGabrielReduceParallelDouble,32768,100,10,6.768183134,-333.8601104
GTX_1080_8GB,BinnedGabrielReduceParallelSymmetric,32768,100,10,1.848864325,-333.8601104
GTX_1080_8GB,BinnedGabrielReduceFor,65536,100,10,21.44396417,-88.65110091
GTX_1080_8GB,BinnedGabrielReduceForDouble,65536,100,10,30.3207107,-1299.06344
GTX_1080_8GB,BinnedGabrielReduceForSymmetric,65536,100,10,7.656121232,-867.8050747
GTX_1080_8GB,BinnedGabrielReduceParallel,65536,100,10,21.23859822,-495.9637178
GTX_1080_8GB,BinnedGabrielReduceParallelDouble,65536,100,10,30.01711072,31.98733784
GTX_1080_8GB,BinnedGabrielReduceParallelSymmetric,65536,100,10,7.649183884,-1021.66276
GTX_1080_8GB,BinnedGabrielReduceFor,131072,100,10,117.2948718,-1933.483347
GTX_1080_8GB,BinnedGabrielReduceForSymmetric,131072,100,10,37.89918488,-3820.028033
GTX_1080_8GB,BinnedGabrielReduceParallel,131072,100,10,117.8939711,-2383.290242
GTX_1080_8GB,BinnedGabrielReduceParallelSymmetric,131072,100,10,37.94243737,-3044.690238

RTX_2060S_8GB,NaiveParallelReduce,32,100,10,0.009485859,78.97053838
RTX_2060S_8GB,NaiveFor,32,100,10,0.013570356,78.97053838
RTX_2060S_8GB,NaiveSpread,32,100,10,0.056531267,78.97053838
RTX_2060S_8GB,NaiveForDouble,32,100,10,0.058065788,78.97053838
RTX_2060S_8GB,NaiveParallelReduceDouble,32,100,10,0.059757976,78.97053838
RTX_2060S_8GB,NaiveForSymmetric,32,100,10,0.070622975,78.97053838
RTX_2060S_8GB,NaiveParallelReduceSymmetric,32,100,10,0.060478881,78.97053838
RTX_2060S_8GB,BinnedGabrielReduceFor,32,100,10,0.360391888,78.97053838
RTX_2060S_8GB,BinnedGabrielReduceForDouble,32,100,10,0.419356627,78.97053838
RTX_2060S_8GB,BinnedGabrielReduceForSymmetric,32,100,10,0.421193993,78.97053838
RTX_2060S_8GB,BinnedGabrielReduceParallel,32,100,10,0.364243842,78.97053838
RTX_2060S_8GB,BinnedGabrielReduceParallelDouble,32,100,10,0.414885276,78.97053838
RTX_2060S_8GB,BinnedGabrielReduceParallelSymmetric,32,100,10,0.418077886,78.97053838
RTX_2060S_8GB,NaiveParallelReduce,64,100,10,0.010776444,98.44335818
RTX_2060S_8GB,NaiveFor,64,100,10,0.021783502,98.44335818
RTX_2060S_8GB,NaiveSpread,64,100,10,0.06074098,98.44335818
RTX_2060S_8GB,NaiveForDouble,64,100,10,0.06665865,98.44335818
RTX_2060S_8GB,NaiveParallelReduceDouble,64,100,10,0.066164366,98.44335818
RTX_2060S_8GB,NaiveForSymmetric,64,100,10,0.087658022,98.44335818
RTX_2060S_8GB,NaiveParallelReduceSymmetric,64,100,10,0.063014763,98.44335818
RTX_2060S_8GB,BinnedGabrielReduceFor,64,100,10,0.359655071,98.44335818
RTX_2060S_8GB,BinnedGabrielReduceForDouble,64,100,10,0.422246005,98.44335818
RTX_2060S_8GB,BinnedGabrielReduceForSymmetric,64,100,10,0.416932047,98.44335818
RTX_2060S_8GB,BinnedGabrielReduceParallel,64,100,10,0.367616451,98.44335818
RTX_2060S_8GB,BinnedGabrielReduceParallelDouble,64,100,10,0.428938861,98.44335818
RTX_2060S_8GB,BinnedGabrielReduceParallelSymmetric,64,100,10,0.435366444,98.44335818
RTX_2060S_8GB,NaiveParallelReduce,128,100,10,0.016717941,-40.24201107
RTX_2060S_8GB,NaiveFor,128,100,10,0.049443531,-40.24201107
RTX_2060S_8GB,NaiveSpread,128,100,10,0.068199066,-40.24201107
RTX_2060S_8GB,NaiveForDouble,128,100,10,0.071037002,-40.24201107
RTX_2060S_8GB,NaiveParallelReduceDouble,128,100,10,0.069545823,-40.24201107
RTX_2060S_8GB,NaiveForSymmetric,128,100,10,0.106463026,-40.24201107
RTX_2060S_8GB,NaiveParallelReduceSymmetric,128,100,10,0.072907024,-40.24201107
RTX_2060S_8GB,BinnedGabrielReduceFor,128,100,10,0.36376036,-40.24201107
RTX_2060S_8GB,BinnedGabrielReduceForDouble,128,100,10,0.416907665,-40.24201107
RTX_2060S_8GB,BinnedGabrielReduceForSymmetric,128,100,10,0.417345759,-40.24201107
RTX_2060S_8GB,BinnedGabrielReduceParallel,128,100,10,0.355359642,-40.24201107
RTX_2060S_8GB,BinnedGabrielReduceParallelDouble,128,100,10,0.421495625,-40.24201107
RTX_2060S_8GB,BinnedGabrielReduceParallelSymmetric,128,100,10,0.411351148,-40.24201107
RTX_2060S_8GB,NaiveParallelReduce,256,100,10,0.057013319,58.78699332
RTX_2060S_8GB,NaiveFor,256,100,10,0.108246979,58.78699332
RTX_2060S_8GB,NaiveSpread,256,100,10,0.076963094,58.78699332
RTX_2060S_8GB,NaiveForDouble,256,100,10,0.083997617,58.78699332
RTX_2060S_8GB,NaiveParallelReduceDouble,256,100,10,0.083165864,58.78699332
RTX_2060S_8GB,NaiveForSymmetric,256,100,10,0.142898069,58.78699332
RTX_2060S_8GB,NaiveParallelReduceSymmetric,256,100,10,0.081086254,58.78699332
RTX_2060S_8GB,BinnedGabrielReduceFor,256,100,10,0.35483929,58.78699332
RTX_2060S_8GB,BinnedGabrielReduceForDouble,256,100,10,0.417679803,58.78699332
RTX_2060S_8GB,BinnedGabrielReduceForSymmetric,256,100,10,0.414620343,58.78699332
RTX_2060S_8GB,BinnedGabrielReduceParallel,256,100,10,0.352271458,58.78699332
RTX_2060S_8GB,BinnedGabrielReduceParallelDouble,256,100,10,0.424842256,58.78699332
RTX_2060S_8GB,BinnedGabrielReduceParallelSymmetric,256,100,10,0.414561157,58.78699332
RTX_2060S_8GB,NaiveParallelReduce,512,100,10,0.106381421,142.8884563
RTX_2060S_8GB,NaiveFor,512,100,10,0.261770516,142.8884563
RTX_2060S_8GB,NaiveSpread,512,100,10,0.10175797,142.8884563
RTX_2060S_8GB,NaiveForDouble,512,100,10,0.113672732,142.8884563
RTX_2060S_8GB,NaiveParallelReduceDouble,512,100,10,0.113074966,142.8884563
RTX_2060S_8GB,NaiveForSymmetric,512,100,10,0.316731579,142.8884563
RTX_2060S_8GB,NaiveParallelReduceSymmetric,512,100,10,0.106148646,142.8884563
RTX_2060S_8GB,BinnedGabrielReduceFor,512,100,10,0.356908586,142.8884563
RTX_2060S_8GB,BinnedGabrielReduceForDouble,512,100,10,0.424483605,142.8884563
RTX_2060S_8GB,BinnedGabrielReduceForSymmetric,512,100,10,0.42118395,142.8884563
RTX_2060S_8GB,BinnedGabrielReduceParallel,512,100,10,0.354580197,142.8884563
RTX_2060S_8GB,BinnedGabrielReduceParallelDouble,512,100,10,0.428311385,142.8884563
RTX_2060S_8GB,BinnedGabrielReduceParallelSymmetric,512,100,10,0.419586168,142.8884563
RTX_2060S_8GB,NaiveParallelReduce,1024,100,10,0.223206275,219.1373409
RTX_2060S_8GB,NaiveFor,1024,100,10,1.007908918,219.1373409
RTX_2060S_8GB,NaiveSpread,1024,100,10,0.192950063,219.1373409
RTX_2060S_8GB,NaiveForDouble,1024,100,10,0.199115375,219.1373409
RTX_2060S_8GB,NaiveParallelReduceDouble,1024,100,10,0.200060291,219.1373409
RTX_2060S_8GB,NaiveForSymmetric,1024,100,10,1.446143759,219.1373409
RTX_2060S_8GB,NaiveParallelReduceSymmetric,1024,100,10,0.183571026,219.1373409
RTX_2060S_8GB,BinnedGabrielReduceFor,1024,100,10,0.363706138,219.1373409
RTX_2060S_8GB,BinnedGabrielReduceForDouble,1024,100,10,0.429969261,219.1373409
RTX_2060S_8GB,BinnedGabrielReduceForSymmetric,1024,100,10,0.422999726,219.1373409
RTX_2060S_8GB,BinnedGabrielReduceParallel,1024,100,10,0.358939623,219.1373409
RTX_2060S_8GB,BinnedGabrielReduceParallelDouble,1024,100,10,0.424583086,219.1373409
RTX_2060S_8GB,BinnedGabrielReduceParallelSymmetric,1024,100,10,0.417574486,219.1373409
RTX_2060S_8GB,NaiveParallelReduce,2048,100,10,1.00898695,495.5239086
RTX_2060S_8GB,NaiveFor,2048,100,10,4.419845919,495.5239086
RTX_2060S_8GB,NaiveSpread,2048,100,10,0.650617315,495.5239086
RTX_2060S_8GB,NaiveForDouble,2048,100,10,0.781728656,495.5239086
RTX_2060S_8GB,NaiveParallelReduceDouble,2048,100,10,0.779347185,495.5239086
RTX_2060S_8GB,NaiveForSymmetric,2048,100,10,4.524214086,495.5239086
RTX_2060S_8GB,NaiveParallelReduceSymmetric,2048,100,10,0.66615722,495.5239086
RTX_2060S_8GB,BinnedGabrielReduceFor,2048,100,10,0.37769127,495.5239086
RTX_2060S_8GB,BinnedGabrielReduceForDouble,2048,100,10,0.449037652,495.5239086
RTX_2060S_8GB,BinnedGabrielReduceForSymmetric,2048,100,10,0.423482279,495.5239086
RTX_2060S_8GB,BinnedGabrielReduceParallel,2048,100,10,0.3800757,495.5239086
RTX_2060S_8GB,BinnedGabrielReduceParallelDouble,2048,100,10,0.464381767,495.5239086
RTX_2060S_8GB,BinnedGabrielReduceParallelSymmetric,2048,100,10,0.435688004,495.5239086
RTX_2060S_8GB,NaiveParallelReduce,4096,100,10,5.408713182,638.3170555
RTX_2060S_8GB,NaiveFor,4096,100,10,20.69353107,638.3170555
RTX_2060S_8GB,NaiveSpread,4096,100,10,3.856949346,638.3170555
RTX_2060S_8GB,NaiveForDouble,4096,100,10,3.726887356,638.3170555
RTX_2060S_8GB,NaiveParallelReduceDouble,4096,100,10,3.730015032,638.3170555
RTX_2060S_8GB,NaiveForSymmetric,4096,100,10,18.74971128,638.3170555
RTX_2060S_8GB,NaiveParallelReduceSymmetric,4096,100,10,2.843879866,638.3170555
RTX_2060S_8GB,BinnedGabrielReduceFor,4096,100,10,0.417616811,638.3170555
RTX_2060S_8GB,BinnedGabrielReduceForDouble,4096,100,10,0.516131179,638.3170555
RTX_2060S_8GB,BinnedGabrielReduceForSymmetric,4096,100,10,0.447639764,638.3170555
RTX_2060S_8GB,BinnedGabrielReduceParallel,4096,100,10,0.438526961,638.3170555
RTX_2060S_8GB,BinnedGabrielReduceParallelDouble,4096,100,10,0.52818604,638.3170555
RTX_2060S_8GB,BinnedGabrielReduceParallelSymmetric,4096,100,10,0.458291194,638.3170555
RTX_2060S_8GB,NaiveParallelReduce,8192,100,10,35.3843373,756.9164659
RTX_2060S_8GB,NaiveFor,8192,100,10,114.21229,756.9164659
RTX_2060S_8GB,NaiveSpread,8192,100,10,28.45244058,756.9164659
RTX_2060S_8GB,NaiveForDouble,8192,100,10,22.75479222,756.9164659
RTX_2060S_8GB,NaiveParallelReduceDouble,8192,100,10,22.71986245,756.9164659
RTX_2060S_8GB,NaiveForSymmetric,8192,100,10,65.02144456,756.9164659
RTX_2060S_8GB,NaiveParallelReduceSymmetric,8192,100,10,16.12004748,756.9164659
RTX_2060S_8GB,BinnedGabrielReduceFor,8192,100,10,0.380386448,756.9164659
RTX_2060S_8GB,BinnedGabrielReduceForDouble,8192,100,10,0.548484113,756.9164659
RTX_2060S_8GB,BinnedGabrielReduceForSymmetric,8192,100,10,0.348890284,756.9164659
RTX_2060S_8GB,BinnedGabrielReduceParallel,8192,100,10,0.401551218,756.9164659
RTX_2060S_8GB,BinnedGabrielReduceParallelDouble,8192,100,10,0.567269797,756.9164659
RTX_2060S_8GB,BinnedGabrielReduceParallelSymmetric,8192,100,10,0.359009674,756.9164659
RTX_2060S_8GB,NaiveParallelReduceSymmetric,16384,100,10,109.4199374,-1112.60305
RTX_2060S_8GB,BinnedGabrielReduceFor,16384,100,10,0.912515512,-1112.60305
RTX_2060S_8GB,BinnedGabrielReduceForDouble,16384,100,10,1.323088556,-1112.60305
RTX_2060S_8GB,BinnedGabrielReduceForSymmetric,16384,100,10,0.655757673,-1112.60305
RTX_2060S_8GB,BinnedGabrielReduceParallel,16384,100,10,0.953187104,-1112.60305
RTX_2060S_8GB,BinnedGabrielReduceParallelDouble,16384,100,10,1.372472906,-1112.60305
RTX_2060S_8GB,BinnedGabrielReduceParallelSymmetric,16384,100,10,0.69454251,-1112.60305
RTX_2060S_8GB,BinnedGabrielReduceFor,32768,100,10,2.971312771,-333.8664177
RTX_2060S_8GB,BinnedGabrielReduceForDouble,32768,100,10,4.237065744,-333.8664177
RTX_2060S_8GB,BinnedGabrielReduceForSymmetric,32768,100,10,1.815550488,-333.8664177
RTX_2060S_8GB,BinnedGabrielReduceParallel,32768,100,10,3.082793626,-333.8664177
RTX_2060S_8GB,BinnedGabrielReduceParallelDouble,32768,100,10,4.376020087,-333.8664177
RTX_2060S_8GB,BinnedGabrielReduceParallelSymmetric,32768,100,10,1.902515637,-333.8664177
RTX_2060S_8GB,BinnedGabrielReduceFor,65536,100,10,12.20835133,-471.0120906
RTX_2060S_8GB,BinnedGabrielReduceForDouble,65536,100,10,17.35931004,-303.7152384
RTX_2060S_8GB,BinnedGabrielReduceForSymmetric,65536,100,10,6.820761214,-848.7396786
RTX_2060S_8GB,BinnedGabrielReduceParallel,65536,100,10,12.56109579,14.21227933
RTX_2060S_8GB,BinnedGabrielReduceParallelDouble,65536,100,10,17.77741278,-1019.865771
RTX_2060S_8GB,BinnedGabrielReduceParallelSymmetric,65536,100,10,7.044871591,-374.6461297
RTX_2060S_8GB,BinnedGabrielReduceFor,131072,100,10,57.58709178,-3833.367908
RTX_2060S_8GB,BinnedGabrielReduceForDouble,131072,100,10,82.04828841,-4173.749651
RTX_2060S_8GB,BinnedGabrielReduceForSymmetric,131072,100,10,30.66237491,-4420.3461
RTX_2060S_8GB,BinnedGabrielReduceParallel,131072,100,10,58.56028027,-4376.173163
RTX_2060S_8GB,BinnedGabrielReduceParallelDouble,131072,100,10,83.19690176,-4206.07682
RTX_2060S_8GB,BinnedGabrielReduceParallelSymmetric,131072,100,10,31.48959792,-5338.091241

RTX_2070_8GB,NaiveParallelReduce,32,100,10,0.009767083,78.97053838
RTX_2070_8GB,NaiveFor,32,100,10,0.015358759,78.97053838
RTX_2070_8GB,NaiveSpread,32,100,10,0.042537819,78.97053838
RTX_2070_8GB,NaiveForDouble,32,100,10,0.045308758,78.97053838
RTX_2070_8GB,NaiveParallelReduceDouble,32,100,10,0.045038556,78.97053838
RTX_2070_8GB,NaiveForSymmetric,32,100,10,0.057334436,78.97053838
RTX_2070_8GB,NaiveParallelReduceSymmetric,32,100,10,0.044760026,78.97053838
RTX_2070_8GB,BinnedGabrielReduceFor,32,100,10,0.223090081,78.97053838
RTX_2070_8GB,BinnedGabrielReduceForDouble,32,100,10,0.268359277,78.97053838
RTX_2070_8GB,BinnedGabrielReduceForSymmetric,32,100,10,0.265555696,78.97053838
RTX_2070_8GB,BinnedGabrielReduceParallel,32,100,10,0.225099813,78.97053838
RTX_2070_8GB,BinnedGabrielReduceParallelDouble,32,100,10,0.265324786,78.97053838
RTX_2070_8GB,BinnedGabrielReduceParallelSymmetric,32,100,10,0.267250394,78.97053838
RTX_2070_8GB,NaiveParallelReduce,64,100,10,0.009636388,98.44335818
RTX_2070_8GB,NaiveFor,64,100,10,0.020513975,98.44335818
RTX_2070_8GB,NaiveSpread,64,100,10,0.04517894,98.44335818
RTX_2070_8GB,NaiveForDouble,64,100,10,0.048588117,98.44335818
RTX_2070_8GB,NaiveParallelReduceDouble,64,100,10,0.048998128,98.44335818
RTX_2070_8GB,NaiveForSymmetric,64,100,10,0.066612833,98.44335818
RTX_2070_8GB,NaiveParallelReduceSymmetric,64,100,10,0.049091999,98.44335818
RTX_2070_8GB,BinnedGabrielReduceFor,64,100,10,0.223733304,98.44335818
RTX_2070_8GB,BinnedGabrielReduceForDouble,64,100,10,0.269422275,98.44335818
RTX_2070_8GB,BinnedGabrielReduceForSymmetric,64,100,10,0.272143999,98.44335818
RTX_2070_8GB,BinnedGabrielReduceParallel,64,100,10,0.224351217,98.44335818
RTX_2070_8GB,BinnedGabrielReduceParallelDouble,64,100,10,0.270109569,98.44335818
RTX_2070_8GB,BinnedGabrielReduceParallelSymmetric,64,100,10,0.273670453,98.44335818
RTX_2070_8GB,NaiveParallelReduce,128,100,10,0.016879847,-40.24201107
RTX_2070_8GB,NaiveFor,128,100,10,0.054020129,-40.24201107
RTX_2070_8GB,NaiveSpread,128,100,10,0.054734112,-40.24201107
RTX_2070_8GB,NaiveForDouble,128,100,10,0.05492062,-40.24201107
RTX_2070_8GB,NaiveParallelReduceDouble,128,100,10,0.054565489,-40.24201107
RTX_2070_8GB,NaiveForSymmetric,128,100,10,0.090326004,-40.24201107
RTX_2070_8GB,NaiveParallelReduceSymmetric,128,100,10,0.053808653,-40.24201107
RTX_2070_8GB,BinnedGabrielReduceFor,128,100,10,0.225861704,-40.24201107
RTX_2070_8GB,BinnedGabrielReduceForDouble,128,100,10,0.272179152,-40.24201107
RTX_2070_8GB,BinnedGabrielReduceForSymmetric,128,100,10,0.271164967,-40.24201107
RTX_2070_8GB,BinnedGabrielReduceParallel,128,100,10,0.22718504,-40.24201107
RTX_2070_8GB,BinnedGabrielReduceParallelDouble,128,100,10,0.280951482,-40.24201107
RTX_2070_8GB,BinnedGabrielReduceParallelSymmetric,128,100,10,0.271134353,-40.24201107
RTX_2070_8GB,NaiveParallelReduce,256,100,10,0.050652746,58.78699332
RTX_2070_8GB,NaiveFor,256,100,10,0.101039603,58.78699332
RTX_2070_8GB,NaiveSpread,256,100,10,0.062288332,58.78699332
RTX_2070_8GB,NaiveForDouble,256,100,10,0.065327773,58.78699332
RTX_2070_8GB,NaiveParallelReduceDouble,256,100,10,0.065131234,58.78699332
RTX_2070_8GB,NaiveForSymmetric,256,100,10,0.120021654,58.78699332
RTX_2070_8GB,NaiveParallelReduceSymmetric,256,100,10,0.064174279,58.78699332
RTX_2070_8GB,BinnedGabrielReduceFor,256,100,10,0.224288233,58.78699332
RTX_2070_8GB,BinnedGabrielReduceForDouble,256,100,10,0.276481851,58.78699332
RTX_2070_8GB,BinnedGabrielReduceForSymmetric,256,100,10,0.274715492,58.78699332
RTX_2070_8GB,BinnedGabrielReduceParallel,256,100,10,0.229756506,58.78699332
RTX_2070_8GB,BinnedGabrielReduceParallelDouble,256,100,10,0.279425646,58.78699332
RTX_2070_8GB,BinnedGabrielReduceParallelSymmetric,256,100,10,0.271655733,58.78699332
RTX_2070_8GB,NaiveParallelReduce,512,100,10,0.098097394,142.8884563
RTX_2070_8GB,NaiveFor,512,100,10,0.23225969,142.8884563
RTX_2070_8GB,NaiveSpread,512,100,10,0.083886561,142.8884563
RTX_2070_8GB,NaiveForDouble,512,100,10,0.091109929,142.8884563
RTX_2070_8GB,NaiveParallelReduceDouble,512,100,10,0.091325292,142.8884563
RTX_2070_8GB,NaiveForSymmetric,512,100,10,0.279981515,142.8884563
RTX_2070_8GB,NaiveParallelReduceSymmetric,512,100,10,0.087801379,142.8884563
RTX_2070_8GB,BinnedGabrielReduceFor,512,100,10,0.223047084,142.8884563
RTX_2070_8GB,BinnedGabrielReduceForDouble,512,100,10,0.270248648,142.8884563
RTX_2070_8GB,BinnedGabrielReduceForSymmetric,512,100,10,0.269005442,142.8884563
RTX_2070_8GB,BinnedGabrielReduceParallel,512,100,10,0.227648614,142.8884563
RTX_2070_8GB,BinnedGabrielReduceParallelDouble,512,100,10,0.271552828,142.8884563
RTX_2070_8GB,BinnedGabrielReduceParallelSymmetric,512,100,10,0.268435415,142.8884563
RTX_2070_8GB,NaiveParallelReduce,1024,100,10,0.205982669,219.1373409
RTX_2070_8GB,NaiveFor,1024,100,10,0.920091379,219.1373409
RTX_2070_8GB,NaiveSpread,1024,100,10,0.167989752,219.1373409
RTX_2070_8GB,NaiveForDouble,1024,100,10,0.171125946,219.1373409
RTX_2070_8GB,NaiveParallelReduceDouble,1024,100,10,0.16909299,219.1373409
RTX_2070_8GB,NaiveForSymmetric,1024,100,10,1.281577855,219.1373409
RTX_2070_8GB,NaiveParallelReduceSymmetric,1024,100,10,0.155826298,219.1373409
RTX_2070_8GB,BinnedGabrielReduceFor,1024,100,10,0.22896183,219.1373409
RTX_2070_8GB,BinnedGabrielReduceForDouble,1024,100,10,0.278630923,219.1373409
RTX_2070_8GB,BinnedGabrielReduceForSymmetric,1024,100,10,0.270869629,219.1373409
RTX_2070_8GB,BinnedGabrielReduceParallel,1024,100,10,0.232042204,219.1373409
RTX_2070_8GB,BinnedGabrielReduceParallelDouble,1024,100,10,0.281388175,219.1373409
RTX_2070_8GB,BinnedGabrielReduceParallelSymmetric,1024,100,10,0.274738367,219.1373409
RTX_2070_8GB,NaiveParallelReduce,2048,100,10,0.851939683,495.5239086
RTX_2070_8GB,NaiveFor,2048,100,10,4.209647602,495.5239086
RTX_2070_8GB,NaiveSpread,2048,100,10,0.577285678,495.5239086
RTX_2070_8GB,NaiveForDouble,2048,100,10,0.714374679,495.5239086
RTX_2070_8GB,NaiveParallelReduceDouble,2048,100,10,0.710149148,495.5239086
RTX_2070_8GB,NaiveForSymmetric,2048,100,10,4.299257438,495.5239086
RTX_2070_8GB,NaiveParallelReduceSymmetric,2048,100,10,0.602237886,495.5239086
RTX_2070_8GB,BinnedGabrielReduceFor,2048,100,10,0.247919924,495.5239086
RTX_2070_8GB,BinnedGabrielReduceForDouble,2048,100,10,0.305345478,495.5239086
RTX_2070_8GB,BinnedGabrielReduceForSymmetric,2048,100,10,0.287470591,495.5239086
RTX_2070_8GB,BinnedGabrielReduceParallel,2048,100,10,0.290909942,495.5239086
RTX_2070_8GB,BinnedGabrielReduceParallelDouble,2048,100,10,0.308976529,495.5239086
RTX_2070_8GB,BinnedGabrielReduceParallelSymmetric,2048,100,10,0.292648656,495.5239086
RTX_2070_8GB,NaiveParallelReduce,4096,100,10,4.81196576,638.3170555
RTX_2070_8GB,NaiveFor,4096,100,10,23.54248422,638.3170555
RTX_2070_8GB,NaiveSpread,4096,100,10,3.636372652,638.3170555
RTX_2070_8GB,NaiveForDouble,4096,100,10,3.397285324,638.3170555
RTX_2070_8GB,NaiveParallelReduceDouble,4096,100,10,3.400162077,638.3170555
RTX_2070_8GB,NaiveForSymmetric,4096,100,10,17.38447275,638.3170555
RTX_2070_8GB,NaiveParallelReduceSymmetric,4096,100,10,2.53061864,638.3170555
RTX_2070_8GB,BinnedGabrielReduceFor,4096,100,10,0.296298093,638.3170555
RTX_2070_8GB,BinnedGabrielReduceForDouble,4096,100,10,0.362390839,638.3170555
RTX_2070_8GB,BinnedGabrielReduceForSymmetric,4096,100,10,0.310888637,638.3170555
RTX_2070_8GB,BinnedGabrielReduceParallel,4096,100,10,0.29629602,638.3170555
RTX_2070_8GB,BinnedGabrielReduceParallelDouble,4096,100,10,0.379839917,638.3170555
RTX_2070_8GB,BinnedGabrielReduceParallelSymmetric,4096,100,10,0.309319446,638.3170555
RTX_2070_8GB,NaiveParallelReduce,8192,100,10,31.87999645,756.9164659
RTX_2070_8GB,NaiveSpread,8192,100,10,26.44636739,756.9164659
RTX_2070_8GB,NaiveForDouble,8192,100,10,20.54959802,756.9164659
RTX_2070_8GB,NaiveParallelReduceDouble,8192,100,10,20.50176416,756.9164659
RTX_2070_8GB,NaiveForSymmetric,8192,100,10,60.109127,756.9164659
RTX_2070_8GB,NaiveParallelReduceSymmetric,8192,100,10,14.56271844,756.9164659
RTX_2070_8GB,BinnedGabrielReduceFor,8192,100,10,0.320617716,756.9164659
RTX_2070_8GB,BinnedGabrielReduceForDouble,8192,100,10,0.45462675,756.9164659
RTX_2070_8GB,BinnedGabrielReduceForSymmetric,8192,100,10,0.278255876,756.9164659
RTX_2070_8GB,BinnedGabrielReduceParallel,8192,100,10,0.335475811,756.9164659
RTX_2070_8GB,BinnedGabrielReduceParallelDouble,8192,100,10,0.473023151,756.9164659
RTX_2070_8GB,BinnedGabrielReduceParallelSymmetric,8192,100,10,0.288721849,756.9164659
RTX_2070_8GB,NaiveParallelReduceSymmetric,16384,100,10,102.5364901,-1112.60305
RTX_2070_8GB,BinnedGabrielReduceFor,16384,100,10,0.848801903,-1112.60305
RTX_2070_8GB,BinnedGabrielReduceForDouble,16384,100,10,1.218133118,-1112.60305
RTX_2070_8GB,BinnedGabrielReduceForSymmetric,16384,100,10,0.632580971,-1112.60305
RTX_2070_8GB,BinnedGabrielReduceParallel,16384,100,10,0.876218836,-1112.60305
RTX_2070_8GB,BinnedGabrielReduceParallelDouble,16384,100,10,1.26397416,-1112.60305
RTX_2070_8GB,BinnedGabrielReduceParallelSymmetric,16384,100,10,0.662192189,-1112.60305
RTX_2070_8GB,BinnedGabrielReduceFor,32768,100,10,2.626356228,-333.8664177
RTX_2070_8GB,BinnedGabrielReduceForDouble,32768,100,10,3.726752447,-333.8664177
RTX_2070_8GB,BinnedGabrielReduceForSymmetric,32768,100,10,1.584616471,-333.8664177
RTX_2070_8GB,BinnedGabrielReduceParallel,32768,100,10,2.705331779,-333.8664177
RTX_2070_8GB,BinnedGabrielReduceParallelDouble,32768,100,10,3.823626481,-333.8664177
RTX_2070_8GB,BinnedGabrielReduceParallelSymmetric,32768,100,10,1.654137428,-333.8664177
RTX_2070_8GB,BinnedGabrielReduceFor,65536,100,10,10.77084252,436.2134661
RTX_2070_8GB,BinnedGabrielReduceForDouble,65536,100,10,15.33890943,154.8906768
RTX_2070_8GB,BinnedGabrielReduceForSymmetric,65536,100,10,6.114969057,-219.2409817
RTX_2070_8GB,BinnedGabrielReduceParallel,65536,100,10,11.07854821,-59.65492477
RTX_2070_8GB,BinnedGabrielReduceParallelDouble,65536,100,10,15.70034566,-318.9886447
RTX_2070_8GB,BinnedGabrielReduceParallelSymmetric,65536,100,10,6.306622833,5.469582181
RTX_2070_8GB,BinnedGabrielReduceFor,131072,100,10,50.80851398,-2949.522846
RTX_2070_8GB,BinnedGabrielReduceForDouble,131072,100,10,72.77847251,-3536.747416
RTX_2070_8GB,BinnedGabrielReduceForSymmetric,131072,100,10,27.82958152,-1857.794406
RTX_2070_8GB,BinnedGabrielReduceParallel,131072,100,10,51.68130833,-2949.870877
RTX_2070_8GB,BinnedGabrielReduceParallelDouble,131072,100,10,73.99157841,-2985.355552
RTX_2070_8GB,BinnedGabrielReduceParallelSymmetric,131072,100,10,28.50234516,-2486.903193

RTX_2070S_8GB,NaiveParallelReduce,32,100,10,0.008617086,78.97053838
RTX_2070S_8GB,NaiveFor,32,100,10,0.013167831,78.97053838
RTX_2070S_8GB,NaiveSpread,32,100,10,0.040644281,78.97053838
RTX_2070S_8GB,NaiveForDouble,32,100,10,0.043621344,78.97053838
RTX_2070S_8GB,NaiveParallelReduceDouble,32,100,10,0.043467195,78.97053838
RTX_2070S_8GB,NaiveForSymmetric,32,100,10,0.054688526,78.97053838
RTX_2070S_8GB,NaiveParallelReduceSymmetric,32,100,10,0.043096973,78.97053838
RTX_2070S_8GB,BinnedGabrielReduceFor,32,100,10,0.225008704,78.97053838
RTX_2070S_8GB,BinnedGabrielReduceForDouble,32,100,10,0.267586242,78.97053838
RTX_2070S_8GB,BinnedGabrielReduceForSymmetric,32,100,10,0.268114676,78.97053838
RTX_2070S_8GB,BinnedGabrielReduceParallel,32,100,10,0.230618902,78.97053838
RTX_2070S_8GB,BinnedGabrielReduceParallelDouble,32,100,10,0.27917699,78.97053838
RTX_2070S_8GB,BinnedGabrielReduceParallelSymmetric,32,100,10,0.273980249,78.97053838
RTX_2070S_8GB,NaiveParallelReduce,64,100,10,0.010842667,98.44335818
RTX_2070S_8GB,NaiveFor,64,100,10,0.022182823,98.44335818
RTX_2070S_8GB,NaiveSpread,64,100,10,0.043753405,98.44335818
RTX_2070S_8GB,NaiveForDouble,64,100,10,0.047635487,98.44335818
RTX_2070S_8GB,NaiveParallelReduceDouble,64,100,10,0.047220564,98.44335818
RTX_2070S_8GB,NaiveForSymmetric,64,100,10,0.065269941,98.44335818
RTX_2070S_8GB,NaiveParallelReduceSymmetric,64,100,10,0.048215906,98.44335818
RTX_2070S_8GB,BinnedGabrielReduceFor,64,100,10,0.229855333,98.44335818
RTX_2070S_8GB,BinnedGabrielReduceForDouble,64,100,10,0.270300326,98.44335818
RTX_2070S_8GB,BinnedGabrielReduceForSymmetric,64,100,10,0.270876498,98.44335818
RTX_2070S_8GB,BinnedGabrielReduceParallel,64,100,10,0.228077129,98.44335818
RTX_2070S_8GB,BinnedGabrielReduceParallelDouble,64,100,10,0.269945483,98.44335818
RTX_2070S_8GB,BinnedGabrielReduceParallelSymmetric,64,100,10,0.2708737,98.44335818
RTX_2070S_8GB,NaiveParallelReduce,128,100,10,0.014290829,-40.24201107
RTX_2070S_8GB,NaiveFor,128,100,10,0.046354335,-40.24201107
RTX_2070S_8GB,NaiveSpread,128,100,10,0.05130232,-40.24201107
RTX_2070S_8GB,NaiveForDouble,128,100,10,0.052121647,-40.24201107
RTX_2070S_8GB,NaiveParallelReduceDouble,128,100,10,0.052054683,-40.24201107
RTX_2070S_8GB,NaiveForSymmetric,128,100,10,0.08505213,-40.24201107
RTX_2070S_8GB,NaiveParallelReduceSymmetric,128,100,10,0.052502022,-40.24201107
RTX_2070S_8GB,BinnedGabrielReduceFor,128,100,10,0.228060691,-40.24201107
RTX_2070S_8GB,BinnedGabrielReduceForDouble,128,100,10,0.278920948,-40.24201107
RTX_2070S_8GB,BinnedGabrielReduceForSymmetric,128,100,10,0.275016655,-40.24201107
RTX_2070S_8GB,BinnedGabrielReduceParallel,128,100,10,0.22921169,-40.24201107
RTX_2070S_8GB,BinnedGabrielReduceParallelDouble,128,100,10,0.276090833,-40.24201107
RTX_2070S_8GB,BinnedGabrielReduceParallelSymmetric,128,100,10,0.273359718,-40.24201107
RTX_2070S_8GB,NaiveParallelReduce,256,100,10,0.057895542,58.78699332
RTX_2070S_8GB,NaiveFor,256,100,10,0.094101064,58.78699332
RTX_2070S_8GB,NaiveSpread,256,100,10,0.061637135,58.78699332
RTX_2070S_8GB,NaiveForDouble,256,100,10,0.063741235,58.78699332
RTX_2070S_8GB,NaiveParallelReduceDouble,256,100,10,0.062617099,58.78699332
RTX_2070S_8GB,NaiveForSymmetric,256,100,10,0.116994154,58.78699332
RTX_2070S_8GB,NaiveParallelReduceSymmetric,256,100,10,0.062764091,58.78699332
RTX_2070S_8GB,BinnedGabrielReduceFor,256,100,10,0.232279295,58.78699332
RTX_2070S_8GB,BinnedGabrielReduceForDouble,256,100,10,0.282628495,58.78699332
RTX_2070S_8GB,BinnedGabrielReduceForSymmetric,256,100,10,0.276539473,58.78699332
RTX_2070S_8GB,BinnedGabrielReduceParallel,256,100,10,0.228852192,58.78699332
RTX_2070S_8GB,BinnedGabrielReduceParallelDouble,256,100,10,0.272862163,58.78699332
RTX_2070S_8GB,BinnedGabrielReduceParallelSymmetric,256,100,10,0.269253942,58.78699332
RTX_2070S_8GB,NaiveParallelReduce,512,100,10,0.095128164,142.8884563
RTX_2070S_8GB,NaiveFor,512,100,10,0.220285072,142.8884563
RTX_2070S_8GB,NaiveSpread,512,100,10,0.080789119,142.8884563
RTX_2070S_8GB,NaiveForDouble,512,100,10,0.092009205,142.8884563
RTX_2070S_8GB,NaiveParallelReduceDouble,512,100,10,0.091352807,142.8884563
RTX_2070S_8GB,NaiveForSymmetric,512,100,10,0.272047926,142.8884563
RTX_2070S_8GB,NaiveParallelReduceSymmetric,512,100,10,0.090392147,142.8884563
RTX_2070S_8GB,BinnedGabrielReduceFor,512,100,10,0.227752674,142.8884563
RTX_2070S_8GB,BinnedGabrielReduceForDouble,512,100,10,0.275366516,142.8884563
RTX_2070S_8GB,BinnedGabrielReduceForSymmetric,512,100,10,0.272053286,142.8884563
RTX_2070S_8GB,BinnedGabrielReduceParallel,512,100,10,0.236198377,142.8884563
RTX_2070S_8GB,BinnedGabrielReduceParallelDouble,512,100,10,0.283726396,142.8884563
RTX_2070S_8GB,BinnedGabrielReduceParallelSymmetric,512,100,10,0.283969208,142.8884563
RTX_2070S_8GB,NaiveParallelReduce,1024,100,10,0.227754548,219.1373409
RTX_2070S_8GB,NaiveFor,1024,100,10,0.810634942,219.1373409
RTX_2070S_8GB,NaiveSpread,1024,100,10,0.15695385,219.1373409
RTX_2070S_8GB,NaiveForDouble,1024,100,10,0.165256585,219.1373409
RTX_2070S_8GB,NaiveParallelReduceDouble,1024,100,10,0.164395788,219.1373409
RTX_2070S_8GB,NaiveForSymmetric,1024,100,10,1.269645426,219.1373409
RTX_2070S_8GB,NaiveParallelReduceSymmetric,1024,100,10,0.153808085,219.1373409
RTX_2070S_8GB,BinnedGabrielReduceFor,1024,100,10,0.232868822,219.1373409
RTX_2070S_8GB,BinnedGabrielReduceForDouble,1024,100,10,0.280371173,219.1373409
RTX_2070S_8GB,BinnedGabrielReduceForSymmetric,1024,100,10,0.275767554,219.1373409
RTX_2070S_8GB,BinnedGabrielReduceParallel,1024,100,10,0.235734922,219.1373409
RTX_2070S_8GB,BinnedGabrielReduceParallelDouble,1024,100,10,0.29383719,219.1373409
RTX_2070S_8GB,BinnedGabrielReduceParallelSymmetric,1024,100,10,0.286867246,219.1373409
RTX_2070S_8GB,NaiveParallelReduce,2048,100,10,0.786733888,495.5239086
RTX_2070S_8GB,NaiveFor,2048,100,10,3.49319253,495.5239086
RTX_2070S_8GB,NaiveSpread,2048,100,10,0.525577243,495.5239086
RTX_2070S_8GB,NaiveForDouble,2048,100,10,0.684907996,495.5239086
RTX_2070S_8GB,NaiveParallelReduceDouble,2048,100,10,0.68451673,495.5239086
RTX_2070S_8GB,NaiveForSymmetric,2048,100,10,4.20006513,495.5239086
RTX_2070S_8GB,NaiveParallelReduceSymmetric,2048,100,10,0.568243767,495.5239086
RTX_2070S_8GB,BinnedGabrielReduceFor,2048,100,10,0.251992805,495.5239086
RTX_2070S_8GB,BinnedGabrielReduceForDouble,2048,100,10,0.301005566,495.5239086
RTX_2070S_8GB,BinnedGabrielReduceForSymmetric,2048,100,10,0.283958558,495.5239086
RTX_2070S_8GB,BinnedGabrielReduceParallel,2048,100,10,0.250336123,495.5239086
RTX_2070S_8GB,BinnedGabrielReduceParallelDouble,2048,100,10,0.308112176,495.5239086
RTX_2070S_8GB,BinnedGabrielReduceParallelSymmetric,2048,100,10,0.286354408,495.5239086
RTX_2070S_8GB,NaiveParallelReduce,4096,100,10,4.291252064,638.3170555
RTX_2070S_8GB,NaiveFor,4096,100,10,16.65486165,638.3170555
RTX_2070S_8GB,NaiveSpread,4096,100,10,3.047104515,638.3170555
RTX_2070S_8GB,NaiveForDouble,4096,100,10,3.004435899,638.3170555
RTX_2070S_8GB,NaiveParallelReduceDouble,4096,100,10,3.006550519,638.3170555
RTX_2070S_8GB,NaiveForSymmetric,4096,100,10,16.74284344,638.3170555
RTX_2070S_8GB,NaiveParallelReduceSymmetric,4096,100,10,2.350601062,638.3170555
RTX_2070S_8GB,BinnedGabrielReduceFor,4096,100,10,0.282319119,638.3170555
RTX_2070S_8GB,BinnedGabrielReduceForDouble,4096,100,10,0.351296415,638.3170555
RTX_2070S_8GB,BinnedGabrielReduceForSymmetric,4096,100,10,0.304037381,638.3170555
RTX_2070S_8GB,BinnedGabrielReduceParallel,4096,100,10,0.28969893,638.3170555
RTX_2070S_8GB,BinnedGabrielReduceParallelDouble,4096,100,10,0.360751401,638.3170555
RTX_2070S_8GB,BinnedGabrielReduceParallelSymmetric,4096,100,10,0.306494859,638.3170555
RTX_2070S_8GB,NaiveParallelReduce,8192,100,10,27.90240145,756.9164659
RTX_2070S_8GB,NaiveFor,8192,100,10,99.16091999,756.9164659
RTX_2070S_8GB,NaiveSpread,8192,100,10,23.47352498,756.9164659
RTX_2070S_8GB,NaiveForDouble,8192,100,10,18.50187134,756.9164659
RTX_2070S_8GB,NaiveParallelReduceDouble,8192,100,10,18.44864622,756.9164659
RTX_2070S_8GB,NaiveForSymmetric,8192,100,10,60.11224962,756.9164659
RTX_2070S_8GB,NaiveParallelReduceSymmetric,8192,100,10,13.10752049,756.9164659
RTX_2070S_8GB,BinnedGabrielReduceFor,8192,100,10,0.296057273,756.9164659
RTX_2070S_8GB,BinnedGabrielReduceForDouble,8192,100,10,0.418597692,756.9164659
RTX_2070S_8GB,BinnedGabrielReduceForSymmetric,8192,100,10,0.261988851,756.9164659
RTX_2070S_8GB,BinnedGabrielReduceParallel,8192,100,10,0.307675373,756.9164659
RTX_2070S_8GB,BinnedGabrielReduceParallelDouble,8192,100,10,0.434004086,756.9164659
RTX_2070S_8GB,BinnedGabrielReduceParallelSymmetric,8192,100,10,0.271597576,756.9164659
RTX_2070S_8GB,NaiveParallelReduceSymmetric,16384,100,10,90.16067135,-1112.60305
RTX_2070S_8GB,BinnedGabrielReduceFor,16384,100,10,0.731686558,-1112.60305
RTX_2070S_8GB,BinnedGabrielReduceForDouble,16384,100,10,1.058824657,-1112.60305
RTX_2070S_8GB,BinnedGabrielReduceForSymmetric,16384,100,10,0.509500687,-1112.60305
RTX_2070S_8GB,BinnedGabrielReduceParallel,16384,100,10,0.757772492,-1112.60305
RTX_2070S_8GB,BinnedGabrielReduceParallelDouble,16384,100,10,1.10312783,-1112.60305
RTX_2070S_8GB,BinnedGabrielReduceParallelSymmetric,16384,100,10,0.538886134,-1112.60305
RTX_2070S_8GB,BinnedGabrielReduceFor,32768,100,10,2.410641242,-333.8664177
RTX_2070S_8GB,BinnedGabrielReduceForDouble,32768,100,10,3.413034346,-333.8664177
RTX_2070S_8GB,BinnedGabrielReduceForSymmetric,32768,100,10,1.45874765,-333.8664177
RTX_2070S_8GB,BinnedGabrielReduceParallel,32768,100,10,2.495936584,-333.8664177
RTX_2070S_8GB,BinnedGabrielReduceParallelDouble,32768,100,10,3.515556163,-333.8664177
RTX_2070S_8GB,BinnedGabrielReduceParallelSymmetric,32768,100,10,1.517247766,-333.8664177
RTX_2070S_8GB,BinnedGabrielReduceFor,65536,100,10,9.726523574,-324.3548428
RTX_2070S_8GB,BinnedGabrielReduceForDouble,65536,100,10,13.68838631,-240.4291163
RTX_2070S_8GB,BinnedGabrielReduceForSymmetric,65536,100,10,5.422070458,-38.26619527
RTX_2070S_8GB,BinnedGabrielReduceParallel,65536,100,10,9.898888847,-146.9608527
RTX_2070S_8GB,BinnedGabrielReduceParallelDouble,65536,100,10,14.03036298,-560.1183595
RTX_2070S_8GB,BinnedGabrielReduceParallelSymmetric,65536,100,10,5.56491204,-185.0201637
RTX_2070S_8GB,BinnedGabrielReduceFor,131072,100,10,45.40926012,-1799.092329
RTX_2070S_8GB,BinnedGabrielReduceForDouble,131072,100,10,64.96111821,-2768.743206
RTX_2070S_8GB,BinnedGabrielReduceForSymmetric,131072,100,10,24.33198183,-2354.422468
RTX_2070S_8GB,BinnedGabrielReduceParallel,131072,100,10,46.18619952,-2326.252863
RTX_2070S_8GB,BinnedGabrielReduceParallelDouble,131072,100,10,65.80021062,-3143.305659
RTX_2070S_8GB,BinnedGabrielReduceParallelSymmetric,131072,100,10,24.92081817,-3966.926852

RTX_2080TI_11GB,NaiveParallelReduce,32,100,10,0.01089068,78.97053838
RTX_2080TI_11GB,NaiveFor,32,100,10,0.016591289,78.97053838
RTX_2080TI_11GB,NaiveSpread,32,100,10,0.061024704,78.97053838
RTX_2080TI_11GB,NaiveForDouble,32,100,10,0.068310548,78.97053838
RTX_2080TI_11GB,NaiveParallelReduceDouble,32,100,10,0.064622911,78.97053838
RTX_2080TI_11GB,NaiveForSymmetric,32,100,10,0.080950974,78.97053838
RTX_2080TI_11GB,NaiveParallelReduceSymmetric,32,100,10,0.062914957,78.97053838
RTX_2080TI_11GB,BinnedGabrielReduceFor,32,100,10,0.160671509,78.97053838
RTX_2080TI_11GB,BinnedGabrielReduceForDouble,32,100,10,0.214308641,78.97053838
RTX_2080TI_11GB,BinnedGabrielReduceForSymmetric,32,100,10,0.229745539,78.97053838
RTX_2080TI_11GB,BinnedGabrielReduceParallel,32,100,10,0.158335798,78.97053838
RTX_2080TI_11GB,BinnedGabrielReduceParallelDouble,32,100,10,0.219173388,78.97053838
RTX_2080TI_11GB,BinnedGabrielReduceParallelSymmetric,32,100,10,0.219939356,78.97053838
RTX_2080TI_11GB,NaiveParallelReduce,64,100,10,0.014465926,98.44335818
RTX_2080TI_11GB,NaiveFor,64,100,10,0.029278604,98.44335818
RTX_2080TI_11GB,NaiveSpread,64,100,10,0.064189533,98.44335818
RTX_2080TI_11GB,NaiveForDouble,64,100,10,0.069534768,98.44335818
RTX_2080TI_11GB,NaiveParallelReduceDouble,64,100,10,0.071092568,98.44335818
RTX_2080TI_11GB,NaiveForSymmetric,64,100,10,0.095652169,98.44335818
RTX_2080TI_11GB,NaiveParallelReduceSymmetric,64,100,10,0.070294699,98.44335818
RTX_2080TI_11GB,BinnedGabrielReduceFor,64,100,10,0.159716155,98.44335818
RTX_2080TI_11GB,BinnedGabrielReduceForDouble,64,100,10,0.233038857,98.44335818
RTX_2080TI_11GB,BinnedGabrielReduceForSymmetric,64,100,10,0.220510055,98.44335818
RTX_2080TI_11GB,BinnedGabrielReduceParallel,64,100,10,0.159039532,98.44335818
RTX_2080TI_11GB,BinnedGabrielReduceParallelDouble,64,100,10,0.227651012,98.44335818
RTX_2080TI_11GB,BinnedGabrielReduceParallelSymmetric,64,100,10,0.222813408,98.44335818
RTX_2080TI_11GB,NaiveParallelReduce,128,100,10,0.021515667,-40.24201107
RTX_2080TI_11GB,NaiveFor,128,100,10,0.065749317,-40.24201107
RTX_2080TI_11GB,NaiveSpread,128,100,10,0.074618236,-40.24201107
RTX_2080TI_11GB,NaiveForDouble,128,100,10,0.076405881,-40.24201107
RTX_2080TI_11GB,NaiveParallelReduceDouble,128,100,10,0.076865372,-40.24201107
RTX_2080TI_11GB,NaiveForSymmetric,128,100,10,0.122747744,-40.24201107
RTX_2080TI_11GB,NaiveParallelReduceSymmetric,128,100,10,0.077564994,-40.24201107
RTX_2080TI_11GB,BinnedGabrielReduceFor,128,100,10,0.161733833,-40.24201107
RTX_2080TI_11GB,BinnedGabrielReduceForDouble,128,100,10,0.226314437,-40.24201107
RTX_2080TI_11GB,BinnedGabrielReduceForSymmetric,128,100,10,0.220929971,-40.24201107
RTX_2080TI_11GB,BinnedGabrielReduceParallel,128,100,10,0.208571943,-40.24201107
RTX_2080TI_11GB,BinnedGabrielReduceParallelDouble,128,100,10,0.313032224,-40.24201107
RTX_2080TI_11GB,BinnedGabrielReduceParallelSymmetric,128,100,10,0.2214061,-40.24201107
RTX_2080TI_11GB,NaiveParallelReduce,256,100,10,0.069860628,58.78699332
RTX_2080TI_11GB,NaiveFor,256,100,10,0.132832236,58.78699332
RTX_2080TI_11GB,NaiveSpread,256,100,10,0.074249826,58.78699332
RTX_2080TI_11GB,NaiveForDouble,256,100,10,0.077240534,58.78699332
RTX_2080TI_11GB,NaiveParallelReduceDouble,256,100,10,0.079499687,58.78699332
RTX_2080TI_11GB,NaiveForSymmetric,256,100,10,0.13537893,58.78699332
RTX_2080TI_11GB,NaiveParallelReduceSymmetric,256,100,10,0.081581944,58.78699332
RTX_2080TI_11GB,BinnedGabrielReduceFor,256,100,10,0.146956333,58.78699332
RTX_2080TI_11GB,BinnedGabrielReduceForDouble,256,100,10,0.203946786,58.78699332
RTX_2080TI_11GB,BinnedGabrielReduceForSymmetric,256,100,10,0.209855375,58.78699332
RTX_2080TI_11GB,BinnedGabrielReduceParallel,256,100,10,0.161108722,58.78699332
RTX_2080TI_11GB,BinnedGabrielReduceParallelDouble,256,100,10,0.219711842,58.78699332
RTX_2080TI_11GB,BinnedGabrielReduceParallelSymmetric,256,100,10,0.218302283,58.78699332
RTX_2080TI_11GB,NaiveParallelReduce,512,100,10,0.137833797,142.8884563
RTX_2080TI_11GB,NaiveFor,512,100,10,0.207272302,142.8884563
RTX_2080TI_11GB,NaiveSpread,512,100,10,0.09577041,142.8884563
RTX_2080TI_11GB,NaiveForDouble,512,100,10,0.099215412,142.8884563
RTX_2080TI_11GB,NaiveParallelReduceDouble,512,100,10,0.099031796,142.8884563
RTX_2080TI_11GB,NaiveForSymmetric,512,100,10,0.286719245,142.8884563
RTX_2080TI_11GB,NaiveParallelReduceSymmetric,512,100,10,0.09835545,142.8884563
RTX_2080TI_11GB,BinnedGabrielReduceFor,512,100,10,0.14962747,142.8884563
RTX_2080TI_11GB,BinnedGabrielReduceForDouble,512,100,10,0.205767197,142.8884563
RTX_2080TI_11GB,BinnedGabrielReduceForSymmetric,512,100,10,0.219695795,142.8884563
RTX_2080TI_11GB,BinnedGabrielReduceParallel,512,100,10,0.165754036,142.8884563
RTX_2080TI_11GB,BinnedGabrielReduceParallelDouble,512,100,10,0.227200693,142.8884563
RTX_2080TI_11GB,BinnedGabrielReduceParallelSymmetric,512,100,10,0.22285995,142.8884563
RTX_2080TI_11GB,NaiveParallelReduce,1024,100,10,0.231054896,219.1373409
RTX_2080TI_11GB,NaiveFor,1024,100,10,0.653559018,219.1373409
RTX_2080TI_11GB,NaiveSpread,1024,100,10,0.1524617,219.1373409
RTX_2080TI_11GB,NaiveForDouble,1024,100,10,0.159598426,219.1373409
RTX_2080TI_11GB,NaiveParallelReduceDouble,1024,100,10,0.160393854,219.1373409
RTX_2080TI_11GB,NaiveForSymmetric,1024,100,10,1.354566808,219.1373409
RTX_2080TI_11GB,NaiveParallelReduceSymmetric,1024,100,10,0.15124263,219.1373409
RTX_2080TI_11GB,BinnedGabrielReduceFor,1024,100,10,0.150561191,219.1373409
RTX_2080TI_11GB,BinnedGabrielReduceForDouble,1024,100,10,0.211828034,219.1373409
RTX_2080TI_11GB,BinnedGabrielReduceForSymmetric,1024,100,10,0.205013373,219.1373409
RTX_2080TI_11GB,BinnedGabrielReduceParallel,1024,100,10,0.166538856,219.1373409
RTX_2080TI_11GB,BinnedGabrielReduceParallelDouble,1024,100,10,0.232910937,219.1373409
RTX_2080TI_11GB,BinnedGabrielReduceParallelSymmetric,1024,100,10,0.228403234,219.1373409
RTX_2080TI_11GB,NaiveParallelReduce,2048,100,10,0.651883048,495.5239086
RTX_2080TI_11GB,NaiveFor,2048,100,10,2.843895751,495.5239086
RTX_2080TI_11GB,NaiveSpread,2048,100,10,0.397383665,495.5239086
RTX_2080TI_11GB,NaiveForDouble,2048,100,10,0.542161098,495.5239086
RTX_2080TI_11GB,NaiveParallelReduceDouble,2048,100,10,0.545179897,495.5239086
RTX_2080TI_11GB,NaiveForSymmetric,2048,100,10,4.195854332,495.5239086
RTX_2080TI_11GB,NaiveParallelReduceSymmetric,2048,100,10,0.524293103,495.5239086
RTX_2080TI_11GB,BinnedGabrielReduceFor,2048,100,10,0.168338692,495.5239086
RTX_2080TI_11GB,BinnedGabrielReduceForDouble,2048,100,10,0.23143898,495.5239086
RTX_2080TI_11GB,BinnedGabrielReduceForSymmetric,2048,100,10,0.214465357,495.5239086
RTX_2080TI_11GB,BinnedGabrielReduceParallel,2048,100,10,0.188600324,495.5239086
RTX_2080TI_11GB,BinnedGabrielReduceParallelDouble,2048,100,10,0.260502596,495.5239086
RTX_2080TI_11GB,BinnedGabrielReduceParallelSymmetric,2048,100,10,0.240230912,495.5239086
RTX_2080TI_11GB,NaiveParallelReduce,4096,100,10,3.052338817,638.3170555
RTX_2080TI_11GB,NaiveFor,4096,100,10,13.36302056,638.3170555
RTX_2080TI_11GB,NaiveSpread,4096,100,10,2.022874226,638.3170555
RTX_2080TI_11GB,NaiveForDouble,4096,100,10,2.248329347,638.3170555
RTX_2080TI_11GB,NaiveParallelReduceDouble,4096,100,10,2.243722993,638.3170555
RTX_2080TI_11GB,NaiveForSymmetric,4096,100,10,16.62772045,638.3170555
RTX_2080TI_11GB,NaiveParallelReduceSymmetric,4096,100,10,1.914455387,638.3170555
RTX_2080TI_11GB,BinnedGabrielReduceFor,4096,100,10,0.181669102,638.3170555
RTX_2080TI_11GB,BinnedGabrielReduceForDouble,4096,100,10,0.261284275,638.3170555
RTX_2080TI_11GB,BinnedGabrielReduceForSymmetric,4096,100,10,0.229550454,638.3170555
RTX_2080TI_11GB,BinnedGabrielReduceParallel,4096,100,10,0.217920252,638.3170555
RTX_2080TI_11GB,BinnedGabrielReduceParallelDouble,4096,100,10,0.301411547,638.3170555
RTX_2080TI_11GB,BinnedGabrielReduceParallelSymmetric,4096,100,10,0.246772333,638.3170555
RTX_2080TI_11GB,NaiveParallelReduce,8192,100,10,18.51213185,756.9164659
RTX_2080TI_11GB,NaiveFor,8192,100,10,75.41653916,756.9164659
RTX_2080TI_11GB,NaiveSpread,8192,100,10,14.92611541,756.9164659
RTX_2080TI_11GB,NaiveForDouble,8192,100,10,12.55062784,756.9164659
RTX_2080TI_11GB,NaiveParallelReduceDouble,8192,100,10,12.57813183,756.9164659
RTX_2080TI_11GB,NaiveForSymmetric,8192,100,10,59.80821935,756.9164659
RTX_2080TI_11GB,NaiveParallelReduceSymmetric,8192,100,10,9.600826706,756.9164659
RTX_2080TI_11GB,BinnedGabrielReduceFor,8192,100,10,0.256486905,756.9164659
RTX_2080TI_11GB,BinnedGabrielReduceForDouble,8192,100,10,0.379028433,756.9164659
RTX_2080TI_11GB,BinnedGabrielReduceForSymmetric,8192,100,10,0.27736691,756.9164659
RTX_2080TI_11GB,BinnedGabrielReduceParallel,8192,100,10,0.271417956,756.9164659
RTX_2080TI_11GB,BinnedGabrielReduceParallelDouble,8192,100,10,0.37958033,756.9164659
RTX_2080TI_11GB,BinnedGabrielReduceParallelSymmetric,8192,100,10,0.279540735,756.9164659
RTX_2080TI_11GB,NaiveSpread,16384,100,10,115.3226348,-1112.60305
RTX_2080TI_11GB,NaiveForDouble,16384,100,10,79.98117484,-1112.60305
RTX_2080TI_11GB,NaiveParallelReduceDouble,16384,100,10,79.96656233,-1112.60305
RTX_2080TI_11GB,NaiveParallelReduceSymmetric,16384,100,10,61.07214756,-1112.60305
RTX_2080TI_11GB,BinnedGabrielReduceFor,16384,100,10,0.502250982,-1112.60305
RTX_2080TI_11GB,BinnedGabrielReduceForDouble,16384,100,10,0.729411727,-1112.60305
RTX_2080TI_11GB,BinnedGabrielReduceForSymmetric,16384,100,10,0.430521046,-1112.60305
RTX_2080TI_11GB,BinnedGabrielReduceParallel,16384,100,10,0.523794425,-1112.60305
RTX_2080TI_11GB,BinnedGabrielReduceParallelDouble,16384,100,10,0.753478503,-1112.60305
RTX_2080TI_11GB,BinnedGabrielReduceParallelSymmetric,16384,100,10,0.445951712,-1112.60305
RTX_2080TI_11GB,BinnedGabrielReduceFor,32768,100,10,1.513507663,-333.8664177
RTX_2080TI_11GB,BinnedGabrielReduceForDouble,32768,100,10,2.141995319,-333.8664177
RTX_2080TI_11GB,BinnedGabrielReduceForSymmetric,32768,100,10,1.021687896,-333.8664177
RTX_2080TI_11GB,BinnedGabrielReduceParallel,32768,100,10,1.563407495,-333.8664177
RTX_2080TI_11GB,BinnedGabrielReduceParallelDouble,32768,100,10,2.20178617,-333.8664177
RTX_2080TI_11GB,BinnedGabrielReduceParallelSymmetric,32768,100,10,1.061298212,-333.8664177
RTX_2080TI_11GB,BinnedGabrielReduceFor,65536,100,10,6.165082634,82.02645503
RTX_2080TI_11GB,BinnedGabrielReduceForDouble,65536,100,10,8.534331032,82.02645503
RTX_2080TI_11GB,BinnedGabrielReduceForSymmetric,65536,100,10,3.919046342,82.02645503
RTX_2080TI_11GB,BinnedGabrielReduceParallel,65536,100,10,6.330982354,82.02645503
RTX_2080TI_11GB,BinnedGabrielReduceParallelDouble,65536,100,10,8.734968515,82.02645503
RTX_2080TI_11GB,BinnedGabrielReduceParallelSymmetric,65536,100,10,4.046385048,82.02645503
RTX_2080TI_11GB,BinnedGabrielReduceFor,131072,100,10,27.54101934,2690.151035
RTX_2080TI_11GB,BinnedGabrielReduceForDouble,131072,100,10,38.4714872,2885.535625
RTX_2080TI_11GB,BinnedGabrielReduceForSymmetric,131072,100,10,14.97314691,1669.247263
RTX_2080TI_11GB,BinnedGabrielReduceParallel,131072,100,10,28.00621636,2754.833151
RTX_2080TI_11GB,BinnedGabrielReduceParallelDouble,131072,100,10,39.0659911,2472.183564
RTX_2080TI_11GB,BinnedGabrielReduceParallelSymmetric,131072,100,10,15.33908578,2728.803666
RTX_2080TI_11GB,BinnedGabrielReduceForSymmetric,262144,100,10,66.14840795,-1531.323966
RTX_2080TI_11GB,BinnedGabrielReduceParallelSymmetric,262144,100,10,66.80442238,-2236.551851

RTX_3090_24GB,NaiveParallelReduce,32,100,10,0.00843857,78.97053838
RTX_3090_24GB,NaiveFor,32,100,10,0.013202329,78.97053838
RTX_3090_24GB,NaiveSpread,32,100,10,0.046479135,78.97053838
RTX_3090_24GB,NaiveForDouble,32,100,10,0.049621299,78.97053838
RTX_3090_24GB,NaiveParallelReduceDouble,32,100,10,0.049615667,78.97053838
RTX_3090_24GB,NaiveForSymmetric,32,100,10,0.060717551,78.97053838
RTX_3090_24GB,NaiveParallelReduceSymmetric,32,100,10,0.049815474,78.97053838
RTX_3090_24GB,BinnedGabrielReduceFor,32,100,10,0.120360267,78.97053838
RTX_3090_24GB,BinnedGabrielReduceForDouble,32,100,10,0.164272885,78.97053838
RTX_3090_24GB,BinnedGabrielReduceForSymmetric,32,100,10,0.162036248,78.97053838
RTX_3090_24GB,BinnedGabrielReduceParallel,32,100,10,0.120335805,78.97053838
RTX_3090_24GB,BinnedGabrielReduceParallelDouble,32,100,10,0.168625861,78.97053838
RTX_3090_24GB,BinnedGabrielReduceParallelSymmetric,32,100,10,0.168175162,78.97053838
RTX_3090_24GB,NaiveParallelReduce,64,100,10,0.011112926,98.44335818
RTX_3090_24GB,NaiveFor,64,100,10,0.020878984,98.44335818
RTX_3090_24GB,NaiveSpread,64,100,10,0.050371847,98.44335818
RTX_3090_24GB,NaiveForDouble,64,100,10,0.05459754,98.44335818
RTX_3090_24GB,NaiveParallelReduceDouble,64,100,10,0.054135627,98.44335818
RTX_3090_24GB,NaiveForSymmetric,64,100,10,0.070684708,98.44335818
RTX_3090_24GB,NaiveParallelReduceSymmetric,64,100,10,0.054270681,98.44335818
RTX_3090_24GB,BinnedGabrielReduceFor,64,100,10,0.122797721,98.44335818
RTX_3090_24GB,BinnedGabrielReduceForDouble,64,100,10,0.166456589,98.44335818
RTX_3090_24GB,BinnedGabrielReduceForSymmetric,64,100,10,0.167124171,98.44335818
RTX_3090_24GB,BinnedGabrielReduceParallel,64,100,10,0.123407935,98.44335818
RTX_3090_24GB,BinnedGabrielReduceParallelDouble,64,100,10,0.166696738,98.44335818
RTX_3090_24GB,BinnedGabrielReduceParallelSymmetric,64,100,10,0.165641597,98.44335818
RTX_3090_24GB,NaiveParallelReduce,128,100,10,0.014565041,-40.24201107
RTX_3090_24GB,NaiveFor,128,100,10,0.045588938,-40.24201107
RTX_3090_24GB,NaiveSpread,128,100,10,0.056225799,-40.24201107
RTX_3090_24GB,NaiveForDouble,128,100,10,0.058781127,-40.24201107
RTX_3090_24GB,NaiveParallelReduceDouble,128,100,10,0.05912143,-40.24201107
RTX_3090_24GB,NaiveForSymmetric,128,100,10,0.088270019,-40.24201107
RTX_3090_24GB,NaiveParallelReduceSymmetric,128,100,10,0.061984772,-40.24201107
RTX_3090_24GB,BinnedGabrielReduceFor,128,100,10,0.124866084,-40.24201107
RTX_3090_24GB,BinnedGabrielReduceForDouble,128,100,10,0.169927955,-40.24201107
RTX_3090_24GB,BinnedGabrielReduceForSymmetric,128,100,10,0.168541867,-40.24201107
RTX_3090_24GB,BinnedGabrielReduceParallel,128,100,10,0.122891384,-40.24201107
RTX_3090_24GB,BinnedGabrielReduceParallelDouble,128,100,10,0.169125228,-40.24201107
RTX_3090_24GB,BinnedGabrielReduceParallelSymmetric,128,100,10,0.167040413,-40.24201107
RTX_3090_24GB,NaiveParallelReduce,256,100,10,0.048346932,58.78699332
RTX_3090_24GB,NaiveFor,256,100,10,0.092911147,58.78699332
RTX_3090_24GB,NaiveSpread,256,100,10,0.066740832,58.78699332
RTX_3090_24GB,NaiveForDouble,256,100,10,0.06915527,58.78699332
RTX_3090_24GB,NaiveParallelReduceDouble,256,100,10,0.068926921,58.78699332
RTX_3090_24GB,NaiveForSymmetric,256,100,10,0.11613732,58.78699332
RTX_3090_24GB,NaiveParallelReduceSymmetric,256,100,10,0.072501673,58.78699332
RTX_3090_24GB,BinnedGabrielReduceFor,256,100,10,0.126322892,58.78699332
RTX_3090_24GB,BinnedGabrielReduceForDouble,256,100,10,0.171491436,58.78699332
RTX_3090_24GB,BinnedGabrielReduceForSymmetric,256,100,10,0.170401749,58.78699332
RTX_3090_24GB,BinnedGabrielReduceParallel,256,100,10,0.124282681,58.78699332
RTX_3090_24GB,BinnedGabrielReduceParallelDouble,256,100,10,0.174403156,58.78699332
RTX_3090_24GB,BinnedGabrielReduceParallelSymmetric,256,100,10,0.17053421,58.78699332
RTX_3090_24GB,NaiveParallelReduce,512,100,10,0.103590554,142.8884563
RTX_3090_24GB,NaiveFor,512,100,10,0.196024858,142.8884563
RTX_3090_24GB,NaiveSpread,512,100,10,0.088015921,142.8884563
RTX_3090_24GB,NaiveForDouble,512,100,10,0.089247899,142.8884563
RTX_3090_24GB,NaiveParallelReduceDouble,512,100,10,0.088859894,142.8884563
RTX_3090_24GB,NaiveForSymmetric,512,100,10,0.278114762,142.8884563
RTX_3090_24GB,NaiveParallelReduceSymmetric,512,100,10,0.097012576,142.8884563
RTX_3090_24GB,BinnedGabrielReduceFor,512,100,10,0.121009678,142.8884563
RTX_3090_24GB,BinnedGabrielReduceForDouble,512,100,10,0.168347944,142.8884563
RTX_3090_24GB,BinnedGabrielReduceForSymmetric,512,100,10,0.168820035,142.8884563
RTX_3090_24GB,BinnedGabrielReduceParallel,512,100,10,0.122213568,142.8884563
RTX_3090_24GB,BinnedGabrielReduceParallelDouble,512,100,10,0.17287916,142.8884563
RTX_3090_24GB,BinnedGabrielReduceParallelSymmetric,512,100,10,0.172311392,142.8884563
RTX_3090_24GB,NaiveParallelReduce,1024,100,10,0.206629324,219.1373409
RTX_3090_24GB,NaiveFor,1024,100,10,0.470040339,219.1373409
RTX_3090_24GB,NaiveSpread,1024,100,10,0.131923144,219.1373409
RTX_3090_24GB,NaiveForDouble,1024,100,10,0.141331547,219.1373409
RTX_3090_24GB,NaiveParallelReduceDouble,1024,100,10,0.140355276,219.1373409
RTX_3090_24GB,NaiveForSymmetric,1024,100,10,1.304932148,219.1373409
RTX_3090_24GB,NaiveParallelReduceSymmetric,1024,100,10,0.153191415,219.1373409
RTX_3090_24GB,BinnedGabrielReduceFor,1024,100,10,0.127460682,219.1373409
RTX_3090_24GB,BinnedGabrielReduceForDouble,1024,100,10,0.178222953,219.1373409
RTX_3090_24GB,BinnedGabrielReduceForSymmetric,1024,100,10,0.175808785,219.1373409
RTX_3090_24GB,BinnedGabrielReduceParallel,1024,100,10,0.128705823,219.1373409
RTX_3090_24GB,BinnedGabrielReduceParallelDouble,1024,100,10,0.181911835,219.1373409
RTX_3090_24GB,BinnedGabrielReduceParallelSymmetric,1024,100,10,0.178000329,219.1373409
RTX_3090_24GB,NaiveParallelReduce,2048,100,10,0.5019206,495.5239086
RTX_3090_24GB,NaiveFor,2048,100,10,1.753070936,495.5239086
RTX_3090_24GB,NaiveSpread,2048,100,10,0.44181319,495.5239086
RTX_3090_24GB,NaiveForDouble,2048,100,10,0.48726649,495.5239086
RTX_3090_24GB,NaiveParallelReduceDouble,2048,100,10,0.484684982,495.5239086
RTX_3090_24GB,NaiveForSymmetric,2048,100,10,4.086258837,495.5239086
RTX_3090_24GB,NaiveParallelReduceSymmetric,2048,100,10,0.532891314,495.5239086
RTX_3090_24GB,BinnedGabrielReduceFor,2048,100,10,0.133080617,495.5239086
RTX_3090_24GB,BinnedGabrielReduceForDouble,2048,100,10,0.184875182,495.5239086
RTX_3090_24GB,BinnedGabrielReduceForSymmetric,2048,100,10,0.178850078,495.5239086
RTX_3090_24GB,BinnedGabrielReduceParallel,2048,100,10,0.134755487,495.5239086
RTX_3090_24GB,BinnedGabrielReduceParallelDouble,2048,100,10,0.190490148,495.5239086
RTX_3090_24GB,BinnedGabrielReduceParallelSymmetric,2048,100,10,0.185189253,495.5239086
RTX_3090_24GB,NaiveParallelReduce,4096,100,10,2.177909112,638.3170555
RTX_3090_24GB,NaiveFor,4096,100,10,7.561132066,638.3170555
RTX_3090_24GB,NaiveSpread,4096,100,10,2.287542182,638.3170555
RTX_3090_24GB,NaiveForDouble,4096,100,10,1.779583773,638.3170555
RTX_3090_24GB,NaiveParallelReduceDouble,4096,100,10,1.782654765,638.3170555
RTX_3090_24GB,NaiveForSymmetric,4096,100,10,16.4971224,638.3170555
RTX_3090_24GB,NaiveParallelReduceSymmetric,4096,100,10,1.959439004,638.3170555
RTX_3090_24GB,BinnedGabrielReduceFor,4096,100,10,0.146225831,638.3170555
RTX_3090_24GB,BinnedGabrielReduceForDouble,4096,100,10,0.205912751,638.3170555
RTX_3090_24GB,BinnedGabrielReduceForSymmetric,4096,100,10,0.191563271,638.3170555
RTX_3090_24GB,BinnedGabrielReduceParallel,4096,100,10,0.14961017,638.3170555
RTX_3090_24GB,BinnedGabrielReduceParallelDouble,4096,100,10,0.214805938,638.3170555
RTX_3090_24GB,BinnedGabrielReduceParallelSymmetric,4096,100,10,0.203454449,638.3170555
RTX_3090_24GB,NaiveParallelReduce,8192,100,10,11.03551562,756.9164659
RTX_3090_24GB,NaiveFor,8192,100,10,40.40170746,756.9164659
RTX_3090_24GB,NaiveSpread,8192,100,10,16.74837054,756.9164659
RTX_3090_24GB,NaiveForDouble,8192,100,10,8.42204004,756.9164659
RTX_3090_24GB,NaiveParallelReduceDouble,8192,100,10,8.413315904,756.9164659
RTX_3090_24GB,NaiveForSymmetric,8192,100,10,57.42584746,756.9164659
RTX_3090_24GB,NaiveParallelReduceSymmetric,8192,100,10,7.770472285,756.9164659
RTX_3090_24GB,BinnedGabrielReduceFor,8192,100,10,0.194456428,756.9164659
RTX_3090_24GB,BinnedGabrielReduceForDouble,8192,100,10,0.280994519,756.9164659
RTX_3090_24GB,BinnedGabrielReduceForSymmetric,8192,100,10,0.232323108,756.9164659
RTX_3090_24GB,BinnedGabrielReduceParallel,8192,100,10,0.202773771,756.9164659
RTX_3090_24GB,BinnedGabrielReduceParallelDouble,8192,100,10,0.288721701,756.9164659
RTX_3090_24GB,BinnedGabrielReduceParallelSymmetric,8192,100,10,0.239107106,756.9164659
RTX_3090_24GB,NaiveParallelReduce,16384,100,10,68.00463646,-1112.60305
RTX_3090_24GB,NaiveForDouble,16384,100,10,49.91881742,-1112.60305
RTX_3090_24GB,NaiveParallelReduceDouble,16384,100,10,49.91732769,-1112.60305
RTX_3090_24GB,NaiveParallelReduceSymmetric,16384,100,10,43.08464631,-1112.60305
RTX_3090_24GB,BinnedGabrielReduceFor,16384,100,10,0.352816835,-1112.60305
RTX_3090_24GB,BinnedGabrielReduceForDouble,16384,100,10,0.521137595,-1112.60305
RTX_3090_24GB,BinnedGabrielReduceForSymmetric,16384,100,10,0.355523221,-1112.60305
RTX_3090_24GB,BinnedGabrielReduceParallel,16384,100,10,0.369178166,-1112.60305
RTX_3090_24GB,BinnedGabrielReduceParallelDouble,16384,100,10,0.539217007,-1112.60305
RTX_3090_24GB,BinnedGabrielReduceParallelSymmetric,16384,100,10,0.371982626,-1112.60305
RTX_3090_24GB,BinnedGabrielReduceFor,32768,100,10,0.97935044,-333.8664177
RTX_3090_24GB,BinnedGabrielReduceForDouble,32768,100,10,1.468877252,-333.8664177
RTX_3090_24GB,BinnedGabrielReduceForSymmetric,32768,100,10,0.834086521,-333.8664177
RTX_3090_24GB,BinnedGabrielReduceParallel,32768,100,10,1.033165824,-333.8664177
RTX_3090_24GB,BinnedGabrielReduceParallelDouble,32768,100,10,1.527457749,-333.8664177
RTX_3090_24GB,BinnedGabrielReduceParallelSymmetric,32768,100,10,0.882477237,-333.8664177
RTX_3090_24GB,BinnedGabrielReduceFor,65536,100,10,3.781630633,82.02645503
RTX_3090_24GB,BinnedGabrielReduceForDouble,65536,100,10,5.756340688,82.02645503
RTX_3090_24GB,BinnedGabrielReduceForSymmetric,65536,100,10,2.833262173,82.02645503
RTX_3090_24GB,BinnedGabrielReduceParallel,65536,100,10,3.872185083,82.02645503
RTX_3090_24GB,BinnedGabrielReduceParallelDouble,65536,100,10,5.85074216,82.02645503
RTX_3090_24GB,BinnedGabrielReduceParallelSymmetric,65536,100,10,2.927191515,82.02645503
RTX_3090_24GB,BinnedGabrielReduceFor,131072,100,10,17.5057313,-937.9270896
RTX_3090_24GB,BinnedGabrielReduceForDouble,131072,100,10,26.68597896,-1479.318814
RTX_3090_24GB,BinnedGabrielReduceForSymmetric,131072,100,10,11.90268859,-1961.488028
RTX_3090_24GB,BinnedGabrielReduceParallel,131072,100,10,17.83375679,-827.7740646
RTX_3090_24GB,BinnedGabrielReduceParallelDouble,131072,100,10,27.01511535,-2374.00699
RTX_3090_24GB,BinnedGabrielReduceParallelSymmetric,131072,100,10,12.15568993,-868.5268377
RTX_3090_24GB,BinnedGabrielReduceFor,262144,100,10,87.70903279,-5104.047949
RTX_3090_24GB,BinnedGabrielReduceForSymmetric,262144,100,10,51.68241425,-7499.668351
RTX_3090_24GB,BinnedGabrielReduceParallel,262144,100,10,88.50970372,-5680.699529
RTX_3090_24GB,BinnedGabrielReduceParallelSymmetric,262144,100,10,52.27192093,-4972.419248

RTX_4090_24GB,NaiveParallelReduce,32,100,10,0.00821182,78.97054219
RTX_4090_24GB,NaiveFor,32,100,10,0.012570354,78.97054219
RTX_4090_24GB,NaiveSpread,32,100,10,0.043283294,78.97054219
RTX_4090_24GB,NaiveForDouble,32,100,10,0.044872193,78.97054219
RTX_4090_24GB,NaiveParallelReduceDouble,32,100,10,0.045044287,78.97054219
RTX_4090_24GB,NaiveForSymmetric,32,100,10,0.05437111,78.97054219
RTX_4090_24GB,NaiveParallelReduceSymmetric,32,100,10,0.045329624,78.97054219
RTX_4090_24GB,BinnedGabrielReduceFor,32,100,10,0.106133794,78.97054219
RTX_4090_24GB,BinnedGabrielReduceForDouble,32,100,10,0.143041625,78.97054219
RTX_4090_24GB,BinnedGabrielReduceForSymmetric,32,100,10,0.141724447,78.97054219
RTX_4090_24GB,BinnedGabrielReduceParallel,32,100,10,0.104101912,78.97054219
RTX_4090_24GB,BinnedGabrielReduceParallelDouble,32,100,10,0.141433407,78.97054219
RTX_4090_24GB,BinnedGabrielReduceParallelSymmetric,32,100,10,0.14304538,78.97054219
RTX_4090_24GB,NaiveParallelReduce,64,100,10,0.008629522,98.44336152
RTX_4090_24GB,NaiveFor,64,100,10,0.017401061,98.44336152
RTX_4090_24GB,NaiveSpread,64,100,10,0.045672297,98.44336152
RTX_4090_24GB,NaiveForDouble,64,100,10,0.048992861,98.44336152
RTX_4090_24GB,NaiveParallelReduceDouble,64,100,10,0.048614849,98.44336152
RTX_4090_24GB,NaiveForSymmetric,64,100,10,0.062386253,98.44336152
RTX_4090_24GB,NaiveParallelReduceSymmetric,64,100,10,0.048621714,98.44336152
RTX_4090_24GB,BinnedGabrielReduceFor,64,100,10,0.104553112,98.44336152
RTX_4090_24GB,BinnedGabrielReduceForDouble,64,100,10,0.142426566,98.44336152
RTX_4090_24GB,BinnedGabrielReduceForSymmetric,64,100,10,0.143009166,98.44336152
RTX_4090_24GB,BinnedGabrielReduceParallel,64,100,10,0.105444776,98.44336152
RTX_4090_24GB,BinnedGabrielReduceParallelDouble,64,100,10,0.143164662,98.44336152
RTX_4090_24GB,BinnedGabrielReduceParallelSymmetric,64,100,10,0.142865453,98.44336152
RTX_4090_24GB,NaiveParallelReduce,128,100,10,0.01218712,-40.24200583
RTX_4090_24GB,NaiveFor,128,100,10,0.039571781,-40.24200583
RTX_4090_24GB,NaiveSpread,128,100,10,0.051538869,-40.24200583
RTX_4090_24GB,NaiveForDouble,128,100,10,0.054660104,-40.24200583
RTX_4090_24GB,NaiveParallelReduceDouble,128,100,10,0.055011717,-40.24200583
RTX_4090_24GB,NaiveForSymmetric,128,100,10,0.077713999,-40.24200583
RTX_4090_24GB,NaiveParallelReduceSymmetric,128,100,10,0.055148657,-40.24200583
RTX_4090_24GB,BinnedGabrielReduceFor,128,100,10,0.10571565,-40.24200583
RTX_4090_24GB,BinnedGabrielReduceForDouble,128,100,10,0.146861048,-40.24200583
RTX_4090_24GB,BinnedGabrielReduceForSymmetric,128,100,10,0.145772479,-40.24200583
RTX_4090_24GB,BinnedGabrielReduceParallel,128,100,10,0.105552745,-40.24200583
RTX_4090_24GB,BinnedGabrielReduceParallelDouble,128,100,10,0.146804139,-40.24200583
RTX_4090_24GB,BinnedGabrielReduceParallelSymmetric,128,100,10,0.146967321,-40.24200583
RTX_4090_24GB,NaiveParallelReduce,256,100,10,0.039982663,58.7869876
RTX_4090_24GB,NaiveFor,256,100,10,0.075642933,58.7869876
RTX_4090_24GB,NaiveSpread,256,100,10,0.062912446,58.7869876
RTX_4090_24GB,NaiveForDouble,256,100,10,0.06238801,58.7869876
RTX_4090_24GB,NaiveParallelReduceDouble,256,100,10,0.063077526,58.7869876
RTX_4090_24GB,NaiveForSymmetric,256,100,10,0.102963395,58.7869876
RTX_4090_24GB,NaiveParallelReduceSymmetric,256,100,10,0.062993598,58.7869876
RTX_4090_24GB,BinnedGabrielReduceFor,256,100,10,0.106615752,58.7869876
RTX_4090_24GB,BinnedGabrielReduceForDouble,256,100,10,0.145972142,58.7869876
RTX_4090_24GB,BinnedGabrielReduceForSymmetric,256,100,10,0.147953153,58.7869876
RTX_4090_24GB,BinnedGabrielReduceParallel,256,100,10,0.106121007,58.7869876
RTX_4090_24GB,BinnedGabrielReduceParallelDouble,256,100,10,0.146569574,58.7869876
RTX_4090_24GB,BinnedGabrielReduceParallelSymmetric,256,100,10,0.146275485,58.7869876
RTX_4090_24GB,NaiveParallelReduce,512,100,10,0.079155754,142.8884487
RTX_4090_24GB,NaiveFor,512,100,10,0.146095002,142.8884487
RTX_4090_24GB,NaiveSpread,512,100,10,0.078308366,142.8884487
RTX_4090_24GB,NaiveForDouble,512,100,10,0.07592923,142.8884487
RTX_4090_24GB,NaiveParallelReduceDouble,512,100,10,0.074773739,142.8884487
RTX_4090_24GB,NaiveForSymmetric,512,100,10,0.216177013,142.8884487
RTX_4090_24GB,NaiveParallelReduceSymmetric,512,100,10,0.075982134,142.8884487
RTX_4090_24GB,BinnedGabrielReduceFor,512,100,10,0.104023776,142.8884487
RTX_4090_24GB,BinnedGabrielReduceForDouble,512,100,10,0.146827465,142.8884487
RTX_4090_24GB,BinnedGabrielReduceForSymmetric,512,100,10,0.142806448,142.8884487
RTX_4090_24GB,BinnedGabrielReduceParallel,512,100,10,0.106000046,142.8884487
RTX_4090_24GB,BinnedGabrielReduceParallelDouble,512,100,10,0.148435913,142.8884487
RTX_4090_24GB,BinnedGabrielReduceParallelSymmetric,512,100,10,0.145093062,142.8884487
RTX_4090_24GB,NaiveParallelReduce,1024,100,10,0.150933905,219.1373495
RTX_4090_24GB,NaiveFor,1024,100,10,0.352764867,219.1373495
RTX_4090_24GB,NaiveSpread,1024,100,10,0.107051403,219.1373495
RTX_4090_24GB,NaiveForDouble,1024,100,10,0.107165471,219.1373495
RTX_4090_24GB,NaiveParallelReduceDouble,1024,100,10,0.107315633,219.1373495
RTX_4090_24GB,NaiveForSymmetric,1024,100,10,1.039121932,219.1373495
RTX_4090_24GB,NaiveParallelReduceSymmetric,1024,100,10,0.108958671,219.1373495
RTX_4090_24GB,BinnedGabrielReduceFor,1024,100,10,0.106128931,219.1373495
RTX_4090_24GB,BinnedGabrielReduceForDouble,1024,100,10,0.14905719,219.1373495
RTX_4090_24GB,BinnedGabrielReduceForSymmetric,1024,100,10,0.148603187,219.1373495
RTX_4090_24GB,BinnedGabrielReduceParallel,1024,100,10,0.108194412,219.1373495
RTX_4090_24GB,BinnedGabrielReduceParallelDouble,1024,100,10,0.153800398,219.1373495
RTX_4090_24GB,BinnedGabrielReduceParallelSymmetric,1024,100,10,0.205604623,219.1373495
RTX_4090_24GB,NaiveParallelReduce,2048,100,10,0.343012603,495.5239165
RTX_4090_24GB,NaiveFor,2048,100,10,1.01614653,495.5239165
RTX_4090_24GB,NaiveSpread,2048,100,10,0.2225972,495.5239165
RTX_4090_24GB,NaiveForDouble,2048,100,10,0.357442408,495.5239165
RTX_4090_24GB,NaiveParallelReduceDouble,2048,100,10,0.357290388,495.5239165
RTX_4090_24GB,NaiveForSymmetric,2048,100,10,3.184047157,495.5239165
RTX_4090_24GB,NaiveParallelReduceSymmetric,2048,100,10,0.35889752,495.5239165
RTX_4090_24GB,BinnedGabrielReduceFor,2048,100,10,0.114375947,495.5239165
RTX_4090_24GB,BinnedGabrielReduceForDouble,2048,100,10,0.15224089,495.5239165
RTX_4090_24GB,BinnedGabrielReduceForSymmetric,2048,100,10,0.152586908,495.5239165
RTX_4090_24GB,BinnedGabrielReduceParallel,2048,100,10,0.110541415,495.5239165
RTX_4090_24GB,BinnedGabrielReduceParallelDouble,2048,100,10,0.155801625,495.5239165
RTX_4090_24GB,BinnedGabrielReduceParallelSymmetric,2048,100,10,0.156478345,495.5239165
RTX_4090_24GB,NaiveParallelReduce,4096,100,10,1.318099417,638.3170286
RTX_4090_24GB,NaiveFor,4096,100,10,4.016176053,638.3170286
RTX_4090_24GB,NaiveSpread,4096,100,10,0.815631917,638.3170286
RTX_4090_24GB,NaiveForDouble,4096,100,10,1.313361051,638.3170286
RTX_4090_24GB,NaiveParallelReduceDouble,4096,100,10,1.321465379,638.3170286
RTX_4090_24GB,NaiveForSymmetric,4096,100,10,12.82488956,638.3170286
RTX_4090_24GB,NaiveParallelReduceSymmetric,4096,100,10,1.163290431,638.3170286
RTX_4090_24GB,BinnedGabrielReduceFor,4096,100,10,0.122554114,638.3170286
RTX_4090_24GB,BinnedGabrielReduceForDouble,4096,100,10,0.171367128,638.3170286
RTX_4090_24GB,BinnedGabrielReduceForSymmetric,4096,100,10,0.166198975,638.3170286
RTX_4090_24GB,BinnedGabrielReduceParallel,4096,100,10,0.123288076,638.3170286
RTX_4090_24GB,BinnedGabrielReduceParallelDouble,4096,100,10,0.176991488,638.3170286
RTX_4090_24GB,BinnedGabrielReduceParallelSymmetric,4096,100,10,0.170938807,638.3170286
RTX_4090_24GB,NaiveParallelReduce,8192,100,10,6.270148531,756.9164106
RTX_4090_24GB,NaiveFor,8192,100,10,20.17451892,756.9164106
RTX_4090_24GB,NaiveSpread,8192,100,10,4.816014401,756.9164106
RTX_4090_24GB,NaiveForDouble,8192,100,10,5.066590879,756.9164106
RTX_4090_24GB,NaiveParallelReduceDouble,8192,100,10,5.061353694,756.9164106
RTX_4090_24GB,NaiveForSymmetric,8192,100,10,44.15494498,756.9164106
RTX_4090_24GB,NaiveParallelReduceSymmetric,8192,100,10,4.189421455,756.9164106
RTX_4090_24GB,BinnedGabrielReduceFor,8192,100,10,0.146820111,756.9164106
RTX_4090_24GB,BinnedGabrielReduceForDouble,8192,100,10,0.211958802,756.9164106
RTX_4090_24GB,BinnedGabrielReduceForSymmetric,8192,100,10,0.185496491,756.9164106
RTX_4090_24GB,BinnedGabrielReduceParallel,8192,100,10,0.150535891,756.9164106
RTX_4090_24GB,BinnedGabrielReduceParallelDouble,8192,100,10,0.217133959,756.9164106
RTX_4090_24GB,BinnedGabrielReduceParallelSymmetric,8192,100,10,0.188161768,756.9164106
RTX_4090_24GB,NaiveParallelReduce,16384,100,10,34.78214838,-1112.603068
RTX_4090_24GB,NaiveFor,16384,100,10,116.8943705,-1112.603068
RTX_4090_24GB,NaiveSpread,16384,100,10,36.83299165,-1112.603068
RTX_4090_24GB,NaiveForDouble,16384,100,10,27.4827204,-1112.603068
RTX_4090_24GB,NaiveParallelReduceDouble,16384,100,10,27.48424887,-1112.603068
RTX_4090_24GB,NaiveParallelReduceSymmetric,16384,100,10,20.97531751,-1112.603068
RTX_4090_24GB,BinnedGabrielReduceFor,16384,100,10,0.231659549,-1112.603068
RTX_4090_24GB,BinnedGabrielReduceForDouble,16384,100,10,0.342670446,-1112.603068
RTX_4090_24GB,BinnedGabrielReduceForSymmetric,16384,100,10,0.239023253,-1112.603068
RTX_4090_24GB,BinnedGabrielReduceParallel,16384,100,10,0.239870774,-1112.603068
RTX_4090_24GB,BinnedGabrielReduceParallelDouble,16384,100,10,0.355377331,-1112.603068
RTX_4090_24GB,BinnedGabrielReduceParallelSymmetric,16384,100,10,0.244346835,-1112.603068
RTX_4090_24GB,BinnedGabrielReduceFor,32768,100,10,0.600402834,-333.8664718
RTX_4090_24GB,BinnedGabrielReduceForDouble,32768,100,10,0.888107837,-333.8664718
RTX_4090_24GB,BinnedGabrielReduceForSymmetric,32768,100,10,0.472077488,-333.8664718
RTX_4090_24GB,BinnedGabrielReduceParallel,32768,100,10,0.569444505,-333.8664718
RTX_4090_24GB,BinnedGabrielReduceParallelDouble,32768,100,10,0.882459267,-333.8664718
RTX_4090_24GB,BinnedGabrielReduceParallelSymmetric,32768,100,10,0.422701222,-333.8664718
RTX_4090_24GB,BinnedGabrielReduceFor,65536,100,10,1.992947498,82.02649649
RTX_4090_24GB,BinnedGabrielReduceForDouble,65536,100,10,3.20896156,82.02649649
RTX_4090_24GB,BinnedGabrielReduceForSymmetric,65536,100,10,1.265413074,82.02649649
RTX_4090_24GB,BinnedGabrielReduceParallel,65536,100,10,2.049573238,82.02649649
RTX_4090_24GB,BinnedGabrielReduceParallelDouble,65536,100,10,3.263408096,82.02649649
RTX_4090_24GB,BinnedGabrielReduceParallelSymmetric,65536,100,10,1.302785154,82.02649649
RTX_4090_24GB,BinnedGabrielReduceFor,131072,100,10,9.331339761,-1360.397918
RTX_4090_24GB,BinnedGabrielReduceForDouble,131072,100,10,14.04179893,-1360.397918
RTX_4090_24GB,BinnedGabrielReduceForSymmetric,131072,100,10,4.581791582,-1360.397918
RTX_4090_24GB,BinnedGabrielReduceParallel,131072,100,10,9.448020788,-1360.397918
RTX_4090_24GB,BinnedGabrielReduceParallelDouble,131072,100,10,14.10716284,-1360.397918
RTX_4090_24GB,BinnedGabrielReduceParallelSymmetric,131072,100,10,4.623585366,-1360.397918
RTX_4090_24GB,BinnedGabrielReduceFor,262144,100,10,45.1972211,-2448.996154
RTX_4090_24GB,BinnedGabrielReduceForDouble,262144,100,10,62.91445795,-2004.602194
RTX_4090_24GB,BinnedGabrielReduceForSymmetric,262144,100,10,18.61179686,-1602.867837
RTX_4090_24GB,BinnedGabrielReduceParallel,262144,100,10,45.68119197,-4184.764012
RTX_4090_24GB,BinnedGabrielReduceParallelDouble,262144,100,10,63.32342116,-1099.853848
RTX_4090_24GB,BinnedGabrielReduceParallelSymmetric,262144,100,10,18.73430702,-2310.085224
RTX_4090_24GB,BinnedGabrielReduceForSymmetric,524288,100,10,79.68137592,-6246.871697
RTX_4090_24GB,BinnedGabrielReduceParallelSymmetric,524288,100,10,79.99661225,-3993.440667

RTX_5090_32GB,NaiveParallelReduce,32,100,10,0.011982316,78.97054219
RTX_5090_32GB,NaiveFor,32,100,10,0.012015828,78.97054219
RTX_5090_32GB,NaiveSpread,32,100,10,0.057962958,78.97054219
RTX_5090_32GB,NaiveForDouble,32,100,10,0.062046234,78.97054219
RTX_5090_32GB,NaiveParallelReduceDouble,32,100,10,0.062083425,78.97054219
RTX_5090_32GB,NaiveForSymmetric,32,100,10,0.071413198,78.97054219
RTX_5090_32GB,NaiveParallelReduceSymmetric,32,100,10,0.062901604,78.97054219
RTX_5090_32GB,BinnedGabrielReduceFor,32,100,10,0.156745351,78.97054219
RTX_5090_32GB,BinnedGabrielReduceForDouble,32,100,10,0.20574799,78.97054219
RTX_5090_32GB,BinnedGabrielReduceForSymmetric,32,100,10,0.206726786,78.97054219
RTX_5090_32GB,BinnedGabrielReduceParallel,32,100,10,0.155974854,78.97054219
RTX_5090_32GB,BinnedGabrielReduceParallelDouble,32,100,10,0.206209448,78.97054219
RTX_5090_32GB,BinnedGabrielReduceParallelSymmetric,32,100,10,0.206567072,78.97054219
RTX_5090_32GB,NaiveParallelReduce,64,100,10,0.011927204,98.44336152
RTX_5090_32GB,NaiveFor,64,100,10,0.018568243,98.44336152
RTX_5090_32GB,NaiveSpread,64,100,10,0.061760473,98.44336152
RTX_5090_32GB,NaiveForDouble,64,100,10,0.066209943,98.44336152
RTX_5090_32GB,NaiveParallelReduceDouble,64,100,10,0.066194784,98.44336152
RTX_5090_32GB,NaiveForSymmetric,64,100,10,0.081871412,98.44336152
RTX_5090_32GB,NaiveParallelReduceSymmetric,64,100,10,0.066266144,98.44336152
RTX_5090_32GB,BinnedGabrielReduceFor,64,100,10,0.157685016,98.44336152
RTX_5090_32GB,BinnedGabrielReduceForDouble,64,100,10,0.210029986,98.44336152
RTX_5090_32GB,BinnedGabrielReduceForSymmetric,64,100,10,0.209707635,98.44336152
RTX_5090_32GB,BinnedGabrielReduceParallel,64,100,10,0.155851884,98.44336152
RTX_5090_32GB,BinnedGabrielReduceParallelDouble,64,100,10,0.209185667,98.44336152
RTX_5090_32GB,BinnedGabrielReduceParallelSymmetric,64,100,10,0.206982717,98.44336152
RTX_5090_32GB,NaiveParallelReduce,128,100,10,0.012477236,-40.24200583
RTX_5090_32GB,NaiveFor,128,100,10,0.041103606,-40.24200583
RTX_5090_32GB,NaiveSpread,128,100,10,0.067117434,-40.24200583
RTX_5090_32GB,NaiveForDouble,128,100,10,0.073742822,-40.24200583
RTX_5090_32GB,NaiveParallelReduceDouble,128,100,10,0.074129206,-40.24200583
RTX_5090_32GB,NaiveForSymmetric,128,100,10,0.099962237,-40.24200583
RTX_5090_32GB,NaiveParallelReduceSymmetric,128,100,10,0.073886399,-40.24200583
RTX_5090_32GB,BinnedGabrielReduceFor,128,100,10,0.157015813,-40.24200583
RTX_5090_32GB,BinnedGabrielReduceForDouble,128,100,10,0.213988039,-40.24200583
RTX_5090_32GB,BinnedGabrielReduceForSymmetric,128,100,10,0.211598676,-40.24200583
RTX_5090_32GB,BinnedGabrielReduceParallel,128,100,10,0.155718051,-40.24200583
RTX_5090_32GB,BinnedGabrielReduceParallelDouble,128,100,10,0.213713572,-40.24200583
RTX_5090_32GB,BinnedGabrielReduceParallelSymmetric,128,100,10,0.211981722,-40.24200583
RTX_5090_32GB,NaiveParallelReduce,256,100,10,0.043153821,58.7869876
RTX_5090_32GB,NaiveFor,256,100,10,0.077981068,58.7869876
RTX_5090_32GB,NaiveSpread,256,100,10,0.079669365,58.7869876
RTX_5090_32GB,NaiveForDouble,256,100,10,0.086760046,58.7869876
RTX_5090_32GB,NaiveParallelReduceDouble,256,100,10,0.086762396,58.7869876
RTX_5090_32GB,NaiveForSymmetric,256,100,10,0.126573418,58.7869876
RTX_5090_32GB,NaiveParallelReduceSymmetric,256,100,10,0.085853796,58.7869876
RTX_5090_32GB,BinnedGabrielReduceFor,256,100,10,0.161048013,58.7869876
RTX_5090_32GB,BinnedGabrielReduceForDouble,256,100,10,0.219045453,58.7869876
RTX_5090_32GB,BinnedGabrielReduceForSymmetric,256,100,10,0.216581905,58.7869876
RTX_5090_32GB,BinnedGabrielReduceParallel,256,100,10,0.159544139,58.7869876
RTX_5090_32GB,BinnedGabrielReduceParallelDouble,256,100,10,0.215303083,58.7869876
RTX_5090_32GB,BinnedGabrielReduceParallelSymmetric,256,100,10,0.215334753,58.7869876
RTX_5090_32GB,NaiveParallelReduce,512,100,10,0.082054331,142.8884487
RTX_5090_32GB,NaiveFor,512,100,10,0.16594591,142.8884487
RTX_5090_32GB,NaiveSpread,512,100,10,0.095901405,142.8884487
RTX_5090_32GB,NaiveForDouble,512,100,10,0.101972843,142.8884487
RTX_5090_32GB,NaiveParallelReduceDouble,512,100,10,0.101570211,142.8884487
RTX_5090_32GB,NaiveForSymmetric,512,100,10,0.278212282,142.8884487
RTX_5090_32GB,NaiveParallelReduceSymmetric,512,100,10,0.102872235,142.8884487
RTX_5090_32GB,BinnedGabrielReduceFor,512,100,10,0.157287159,142.8884487
RTX_5090_32GB,BinnedGabrielReduceForDouble,512,100,10,0.213310123,142.8884487
RTX_5090_32GB,BinnedGabrielReduceForSymmetric,512,100,10,0.214379991,142.8884487
RTX_5090_32GB,BinnedGabrielReduceParallel,512,100,10,0.157353894,142.8884487
RTX_5090_32GB,BinnedGabrielReduceParallelDouble,512,100,10,0.214916738,142.8884487
RTX_5090_32GB,BinnedGabrielReduceParallelSymmetric,512,100,10,0.211258371,142.8884487
RTX_5090_32GB,NaiveParallelReduce,1024,100,10,0.151750313,219.1373495
RTX_5090_32GB,NaiveFor,1024,100,10,0.361284873,219.1373495
RTX_5090_32GB,NaiveSpread,1024,100,10,0.126493721,219.1373495
RTX_5090_32GB,NaiveForDouble,1024,100,10,0.138488319,219.1373495
RTX_5090_32GB,NaiveParallelReduceDouble,1024,100,10,0.138082136,219.1373495
RTX_5090_32GB,NaiveForSymmetric,1024,100,10,1.294684747,219.1373495
RTX_5090_32GB,NaiveParallelReduceSymmetric,1024,100,10,0.138564493,219.1373495
RTX_5090_32GB,BinnedGabrielReduceFor,1024,100,10,0.158808508,219.1373495
RTX_5090_32GB,BinnedGabrielReduceForDouble,1024,100,10,0.217876401,219.1373495
RTX_5090_32GB,BinnedGabrielReduceForSymmetric,1024,100,10,0.21646075,219.1373495
RTX_5090_32GB,BinnedGabrielReduceParallel,1024,100,10,0.158565579,219.1373495
RTX_5090_32GB,BinnedGabrielReduceParallelDouble,1024,100,10,0.219127735,219.1373495
RTX_5090_32GB,BinnedGabrielReduceParallelSymmetric,1024,100,10,0.216922517,219.1373495
RTX_5090_32GB,NaiveParallelReduce,2048,100,10,0.310306665,495.5239165
RTX_5090_32GB,NaiveFor,2048,100,10,0.883557151,495.5239165
RTX_5090_32GB,NaiveSpread,2048,100,10,0.212333753,495.5239165
RTX_5090_32GB,NaiveForDouble,2048,100,10,0.419775065,495.5239165
RTX_5090_32GB,NaiveParallelReduceDouble,2048,100,10,0.419086042,495.5239165
RTX_5090_32GB,NaiveForSymmetric,2048,100,10,4.240454627,495.5239165
RTX_5090_32GB,NaiveParallelReduceSymmetric,2048,100,10,0.425817758,495.5239165
RTX_5090_32GB,BinnedGabrielReduceFor,2048,100,10,0.160374459,495.5239165
RTX_5090_32GB,BinnedGabrielReduceForDouble,2048,100,10,0.223191628,495.5239165
RTX_5090_32GB,BinnedGabrielReduceForSymmetric,2048,100,10,0.221101564,495.5239165
RTX_5090_32GB,BinnedGabrielReduceParallel,2048,100,10,0.160428251,495.5239165
RTX_5090_32GB,BinnedGabrielReduceParallelDouble,2048,100,10,0.221574932,495.5239165
RTX_5090_32GB,BinnedGabrielReduceParallelSymmetric,2048,100,10,0.219152415,495.5239165
RTX_5090_32GB,NaiveParallelReduce,4096,100,10,1.315407922,638.3170286
RTX_5090_32GB,NaiveFor,4096,100,10,3.424586636,638.3170286
RTX_5090_32GB,NaiveSpread,4096,100,10,0.711450224,638.3170286
RTX_5090_32GB,NaiveForDouble,4096,100,10,1.231852009,638.3170286
RTX_5090_32GB,NaiveParallelReduceDouble,4096,100,10,1.229165148,638.3170286
RTX_5090_32GB,NaiveForSymmetric,4096,100,10,16.50017748,638.3170286
RTX_5090_32GB,NaiveParallelReduceSymmetric,4096,100,10,1.246018522,638.3170286
RTX_5090_32GB,BinnedGabrielReduceFor,4096,100,10,0.166901452,638.3170286
RTX_5090_32GB,BinnedGabrielReduceForDouble,4096,100,10,0.233612866,638.3170286
RTX_5090_32GB,BinnedGabrielReduceForSymmetric,4096,100,10,0.227900314,638.3170286
RTX_5090_32GB,BinnedGabrielReduceParallel,4096,100,10,0.16700098,638.3170286
RTX_5090_32GB,BinnedGabrielReduceParallelDouble,4096,100,10,0.233490141,638.3170286
RTX_5090_32GB,BinnedGabrielReduceParallelSymmetric,4096,100,10,0.228358778,638.3170286
RTX_5090_32GB,NaiveParallelReduce,8192,100,10,5.608808609,756.9164106
RTX_5090_32GB,NaiveFor,8192,100,10,16.68261259,756.9164106
RTX_5090_32GB,NaiveSpread,8192,100,10,3.876515886,756.9164106
RTX_5090_32GB,NaiveForDouble,8192,100,10,5.015355675,756.9164106
RTX_5090_32GB,NaiveParallelReduceDouble,8192,100,10,4.994916477,756.9164106
RTX_5090_32GB,NaiveForSymmetric,8192,100,10,55.60053724,756.9164106
RTX_5090_32GB,NaiveParallelReduceSymmetric,8192,100,10,4.361987878,756.9164106
RTX_5090_32GB,BinnedGabrielReduceFor,8192,100,10,0.186786744,756.9164106
RTX_5090_32GB,BinnedGabrielReduceForDouble,8192,100,10,0.267122362,756.9164106
RTX_5090_32GB,BinnedGabrielReduceForSymmetric,8192,100,10,0.245576646,756.9164106
RTX_5090_32GB,BinnedGabrielReduceParallel,8192,100,10,0.188342164,756.9164106
RTX_5090_32GB,BinnedGabrielReduceParallelDouble,8192,100,10,0.265997643,756.9164106
RTX_5090_32GB,BinnedGabrielReduceParallelSymmetric,8192,100,10,0.244970576,756.9164106
RTX_5090_32GB,NaiveParallelReduce,16384,100,10,28.32031955,-1112.603068
RTX_5090_32GB,NaiveFor,16384,100,10,90.60424529,-1112.603068
RTX_5090_32GB,NaiveSpread,16384,100,10,30.16501725,-1112.603068
RTX_5090_32GB,NaiveForDouble,16384,100,10,23.88521511,-1112.603068
RTX_5090_32GB,NaiveParallelReduceDouble,16384,100,10,23.8628659,-1112.603068
RTX_5090_32GB,NaiveParallelReduceSymmetric,16384,100,10,18.24464385,-1112.603068
RTX_5090_32GB,BinnedGabrielReduceFor,16384,100,10,0.495849019,-1112.603068
RTX_5090_32GB,BinnedGabrielReduceForDouble,16384,100,10,0.619232143,-1112.603068
RTX_5090_32GB,BinnedGabrielReduceForSymmetric,16384,100,10,0.533340171,-1112.603068
RTX_5090_32GB,BinnedGabrielReduceParallel,16384,100,10,0.494498202,-1112.603068
RTX_5090_32GB,BinnedGabrielReduceParallelDouble,16384,100,10,0.616438086,-1112.603068
RTX_5090_32GB,BinnedGabrielReduceParallelSymmetric,16384,100,10,0.530413834,-1112.603068
RTX_5090_32GB,NaiveParallelReduceSymmetric,32768,100,10,106.1747028,-333.8664718
RTX_5090_32GB,BinnedGabrielReduceFor,32768,100,10,0.551431772,-333.8664718
RTX_5090_32GB,BinnedGabrielReduceForDouble,32768,100,10,0.819737428,-333.8664718
RTX_5090_32GB,BinnedGabrielReduceForSymmetric,32768,100,10,0.475835648,-333.8664718
RTX_5090_32GB,BinnedGabrielReduceParallel,32768,100,10,0.534860782,-333.8664718
RTX_5090_32GB,BinnedGabrielReduceParallelDouble,32768,100,10,0.812201321,-333.8664718
RTX_5090_32GB,BinnedGabrielReduceParallelSymmetric,32768,100,10,0.454230606,-333.8664718
RTX_5090_32GB,BinnedGabrielReduceFor,65536,100,10,1.855353035,82.02649649
RTX_5090_32GB,BinnedGabrielReduceForDouble,65536,100,10,2.707388596,82.02649649
RTX_5090_32GB,BinnedGabrielReduceForSymmetric,65536,100,10,1.215965434,82.02649649
RTX_5090_32GB,BinnedGabrielReduceParallel,65536,100,10,1.783421368,82.02649649
RTX_5090_32GB,BinnedGabrielReduceParallelDouble,65536,100,10,2.719077899,82.02649649
RTX_5090_32GB,BinnedGabrielReduceParallelSymmetric,65536,100,10,1.088771254,82.02649649
RTX_5090_32GB,BinnedGabrielReduceFor,131072,100,10,8.36171611,-1360.397918
RTX_5090_32GB,BinnedGabrielReduceForDouble,131072,100,10,11.35385435,-1360.397918
RTX_5090_32GB,BinnedGabrielReduceForSymmetric,131072,100,10,4.636915096,-1360.397918
RTX_5090_32GB,BinnedGabrielReduceParallel,131072,100,10,8.058083366,-1360.397918
RTX_5090_32GB,BinnedGabrielReduceParallelDouble,131072,100,10,11.46433177,-1360.397918
RTX_5090_32GB,BinnedGabrielReduceParallelSymmetric,131072,100,10,3.964000973,-1360.397918
RTX_5090_32GB,BinnedGabrielReduceFor,262144,100,10,41.177955,6614.147231
RTX_5090_32GB,BinnedGabrielReduceForDouble,262144,100,10,49.87329098,6459.108219
RTX_5090_32GB,BinnedGabrielReduceForSymmetric,262144,100,10,18.20444217,6209.932242
RTX_5090_32GB,BinnedGabrielReduceParallel,262144,100,10,39.88503397,6540.723633
RTX_5090_32GB,BinnedGabrielReduceParallelDouble,262144,100,10,50.75910863,6472.078159
RTX_5090_32GB,BinnedGabrielReduceParallelSymmetric,262144,100,10,15.3111087,6565.593968
RTX_5090_32GB,BinnedGabrielReduceForSymmetric,524288,100,10,77.16974704,11104.85001
RTX_5090_32GB,BinnedGabrielReduceParallelSymmetric,524288,100,10,65.33101114,7114.406054
